pair id,benchmark,benchmark id,solver,solver id,configuration,configuration id,status,cpu time,wallclock time,memory usage,result,output-size
516980036,TRS_Outermost/Zantema_08/ex4.xml,13160413,AProVE21,33789,standard,551423,complete,161.179061996,81.1216709614,9.554198528E9,MAYBE,82316
516980037,TRS_Outermost/Zantema_08/f_2_1.xml,13160414,AProVE21,33789,standard,551423,complete,10.896293907,3.43238997459,8.8500224E8,YES,21742
516980038,TRS_Outermost/Zantema_08/yoyo_3b.xml,13160415,AProVE21,33789,standard,551423,timeout (wallclock),834.690987254,301.080751896,1.10652416E10,MAYBE,240
516980039,TRS_Outermost/Zantema_08/yoyo_2.xml,13160416,AProVE21,33789,standard,551423,complete,356.109319639,144.7415061,1.3532000256E10,MAYBE,141555
516980040,TRS_Outermost/Zantema_08/cariboo_add2.xml,13160417,AProVE21,33789,standard,551423,complete,6.850235827,2.34766316414,5.07428864E8,YES,19370
516980041,TRS_Outermost/Zantema_08/ex3.xml,13160418,AProVE21,33789,standard,551423,complete,304.529975669,151.690150976,1.0272518144E10,MAYBE,179170
516980042,TRS_Outermost/Zantema_08/f_5_2.xml,13160419,AProVE21,33789,standard,551423,complete,176.129899252,84.3979401588,9.389678592E9,MAYBE,253670
516980043,TRS_Outermost/Zantema_08/bintree.xml,13160420,AProVE21,33789,standard,551423,complete,8.88740796,2.88485383987,6.86649344E8,YES,29195
516980044,TRS_Outermost/Zantema_08/assoc_c_rhs.xml,13160421,AProVE21,33789,standard,551423,complete,11.556341541,3.93146395683,1.105989632E9,YES,47679
516980045,TRS_Outermost/Zantema_08/toyama_out.xml,13160422,AProVE21,33789,standard,551423,complete,4.693970503,1.82095694542,4.80718848E8,NO,1607
516980046,TRS_Outermost/Zantema_08/f_5.xml,13160423,AProVE21,33789,standard,551423,complete,6.459522623,2.29850387573,5.02829056E8,YES,20641
516980047,TRS_Outermost/Zantema_08/cariboo_nl_6.xml,13160424,AProVE21,33789,standard,551423,complete,65.352589815,25.9938359261,3.344441344E9,YES,92556
516980048,TRS_Outermost/Zantema_08/cariboo_nl_1.xml,13160425,AProVE21,33789,standard,551423,complete,102.614849955,70.5743279457,6.64659968E9,MAYBE,29713
516980049,TRS_Outermost/Zantema_08/g_2_f_var.xml,13160426,AProVE21,33789,standard,551423,complete,5.891521756,2.17462587357,4.84012032E8,YES,13790
516980050,TRS_Outermost/Zantema_08/dupl_rhs.xml,13160427,AProVE21,33789,standard,551423,complete,199.056551926,75.5333638191,1.0462339072E10,MAYBE,78825
516980051,TRS_Outermost/Zantema_08/yoyo_3.xml,13160428,AProVE21,33789,standard,551423,complete,368.350924113,139.297019005,1.3964484608E10,MAYBE,197777
516980052,TRS_Outermost/Zantema_08/outermost_gr.xml,13160429,AProVE21,33789,standard,551423,complete,4.774955568,1.80816912651,4.76504064E8,NO,1448
516980053,TRS_Outermost/Zantema_08/cariboo_add3.xml,13160430,AProVE21,33789,standard,551423,timeout (wallclock),850.19366305,301.039613008,1.1969155072E10,MAYBE,240
516980054,TRS_Outermost/Zantema_08/ex2.xml,13160431,AProVE21,33789,standard,551423,complete,85.181888517,67.402930975,2.2045696E9,MAYBE,26513
516980055,TRS_Outermost/Zantema_08/ex5.xml,13160432,AProVE21,33789,standard,551423,complete,8.700847759,2.75919890404,7.40888576E8,YES,24272
516980056,TRS_Outermost/Zantema_08/assoc_f_rhs.xml,13160433,AProVE21,33789,standard,551423,complete,12.975319256,4.26029801369,1.216065536E9,YES,62993
516980057,TRS_Outermost/Zantema_08/ffg.xml,13160434,AProVE21,33789,standard,551423,complete,7.27200977,2.58485603333,5.72444672E8,YES,30377
516980058,TRS_Outermost/Zantema_08/cariboo_nl_4.xml,13160435,AProVE21,33789,standard,551423,complete,174.483250214,116.730775833,1.1940036608E10,MAYBE,33659
516980059,TRS_Outermost/Zantema_08/cariboo_nl_3.xml,13160436,AProVE21,33789,standard,551423,complete,136.678895468,94.4611749649,1.0917330944E10,MAYBE,33350
516980060,TRS_Outermost/Zantema_08/fg.xml,13160437,AProVE21,33789,standard,551423,complete,5.957671244,2.16485691071,4.76778496E8,YES,16956
516980061,TRS_Outermost/Zantema_08/g_2_const.xml,13160438,AProVE21,33789,standard,551423,complete,5.867810019,2.04515004158,4.96963584E8,YES,9243
516980062,TRS_Outermost/Zantema_08/ffb_SL.xml,13160439,AProVE21,33789,standard,551423,complete,9.681284973,3.14537000656,7.39401728E8,NO,14234
516980063,TRS_Outermost/Zantema_08/countter.xml,13160440,AProVE21,33789,standard,551423,complete,346.408693937,153.171953201,1.356703744E10,MAYBE,235366
516980064,TRS_Outermost/Zantema_08/from_one.xml,13160441,AProVE21,33789,standard,551423,timeout (wallclock),484.870963253,301.074544191,1.0000277504E10,MAYBE,243
516980065,TRS_Outermost/Zantema_08/cariboo_len3.xml,13160442,AProVE21,33789,standard,551423,complete,182.989100857,69.3877971172,1.0452815872E10,MAYBE,65013
516980066,TRS_Outermost/Zantema_08/toyama_stop.xml,13160443,AProVE21,33789,standard,551423,complete,148.751564858,56.2984719276,9.997643776E9,YES,105057
516980067,TRS_Outermost/Zantema_08/toyama_stop2.xml,13160444,AProVE21,33789,standard,551423,timeout (wallclock),754.564686787,301.078341007,1.5857020928E10,MAYBE,243
516980068,TRS_Outermost/Zantema_08/ex8.xml,13160445,AProVE21,33789,standard,551423,complete,6.119038173,2.19911909103,5.16923392E8,YES,8978
516980069,TRS_Outermost/Zantema_08/ex6.xml,13160446,AProVE21,33789,standard,551423,complete,182.292886542,84.1761829853,7.93325568E9,MAYBE,80775
516980070,TRS_Outermost/Zantema_08/from_three.xml,13160447,AProVE21,33789,standard,551423,timeout (wallclock),509.338344801,301.007589817,1.107001344E10,MAYBE,243
516980071,TRS_Outermost/Zantema_08/ex1.xml,13160448,AProVE21,33789,standard,551423,complete,277.061757741,112.352880001,1.0627264512E10,MAYBE,351926
516980072,TRS_Outermost/Zantema_08/cariboo_add2a.xml,13160449,AProVE21,33789,standard,551423,complete,6.927342207,2.31615400314,5.62458624E8,YES,17796
516980073,TRS_Outermost/Zantema_08/morse.xml,13160450,AProVE21,33789,standard,551423,timeout (wallclock),791.729332598,301.009558916,1.0122842112E10,MAYBE,240
516980074,TRS_Outermost/Zantema_08/inn_out.xml,13160451,AProVE21,33789,standard,551423,complete,4.943239316,1.78458094597,4.83602432E8,NO,1312
516980075,TRS_Outermost/Zantema_08/cariboo_nl_2.xml,13160452,AProVE21,33789,standard,551423,complete,164.594290145,110.713659048,1.2500004864E10,MAYBE,38052
516980076,TRS_Outermost/Zantema_08/cariboo_nl_5.xml,13160453,AProVE21,33789,standard,551423,complete,6.062466051,2.21370983124,4.80595968E8,YES,15494
516980077,TRS_Outermost/Zantema_08/countbin.xml,13160454,AProVE21,33789,standard,551423,complete,270.576722341,137.189696074,1.011040256E10,MAYBE,158163
516980078,TRS_Outermost/Zantema_08/yoyo_3a.xml,13160455,AProVE21,33789,standard,551423,complete,393.79595527,218.409102917,1.410246656E10,MAYBE,199181
516980079,TRS_Outermost/Zantema_08/cariboo_add1.xml,13160456,AProVE21,33789,standard,551423,complete,94.695477867,61.944204092,3.335798784E9,MAYBE,28216
516980080,TRS_Outermost/Zantema_08/ex0.xml,13160457,AProVE21,33789,standard,551423,complete,188.157126346,81.3132648468,9.964544E9,MAYBE,37970
516980081,TRS_Outermost/Zantema_08/ex7.xml,13160458,AProVE21,33789,standard,551423,complete,304.026659827,140.773006916,1.0695258112E10,MAYBE,136777
516980082,TRS_Outermost/Zantema_08/f_2_2.xml,13160459,AProVE21,33789,standard,551423,complete,12.369179795,3.77264094353,9.49972992E8,YES,31660
516980083,TRS_Outermost/Zantema_08/ex9.xml,13160460,AProVE21,33789,standard,551423,complete,8.623947257,2.88543701172,6.06773248E8,YES,40863
516980084,TRS_Outermost/Zantema_08/f_5_1.xml,13160461,AProVE21,33789,standard,551423,complete,182.167899752,94.0420899391,9.833488384E9,MAYBE,252415
516980085,TRS_Outermost/Zantema_08/from_one_a.xml,13160462,AProVE21,33789,standard,551423,timeout (wallclock),491.633493001,301.00801301,1.0134061056E10,MAYBE,243
516980086,TRS_Outermost/Mixed_outermost/gfb.xml,13160398,AProVE21,33789,standard,551423,complete,275.178177562,155.735258102,1.0072465408E10,MAYBE,131630
516980087,TRS_Outermost/Mixed_outermost/ex4.xml,13160399,AProVE21,33789,standard,551423,complete,9.081128347,2.98572087288,7.33446144E8,YES,16084
516980088,TRS_Outermost/Mixed_outermost/afbg.xml,13160400,AProVE21,33789,standard,551423,complete,528.429530142,241.752140045,1.6258670592E10,MAYBE,10026074
516980089,TRS_Outermost/Mixed_outermost/odd.xml,13160401,AProVE21,33789,standard,551423,complete,280.823114563,151.862261057,1.0111934464E10,YES,184922
516980090,TRS_Outermost/Mixed_outermost/ex3.xml,13160402,AProVE21,33789,standard,551423,complete,239.944599077,125.67334199,9.635463168E9,MAYBE,128225
516980091,TRS_Outermost/Mixed_outermost/non-lin3.xml,13160403,AProVE21,33789,standard,551423,complete,108.339260717,80.6523389816,3.362164736E9,MAYBE,49772
516980092,TRS_Outermost/Mixed_outermost/patterns1.xml,13160404,AProVE21,33789,standard,551423,complete,376.323048833,243.018700123,1.0887667712E10,MAYBE,397449
516980093,TRS_Outermost/Mixed_outermost/ex2.xml,13160405,AProVE21,33789,standard,551423,complete,191.939777176,74.5569980145,8.355012608E9,MAYBE,49876
516980094,TRS_Outermost/Mixed_outermost/ex5.xml,13160406,AProVE21,33789,standard,551423,complete,5.392148664,2.03127789497,4.77016064E8,YES,7153
516980095,TRS_Outermost/Mixed_outermost/non-lin2.xml,13160407,AProVE21,33789,standard,551423,complete,109.716621434,80.5994229317,5.436899328E9,MAYBE,44856
516980096,TRS_Outermost/Mixed_outermost/even.xml,13160408,AProVE21,33789,standard,551423,complete,4.436781454,1.82266592979,4.69999616E8,NO,1524
516980097,TRS_Outermost/Mixed_outermost/non-lin1.xml,13160409,AProVE21,33789,standard,551423,complete,6.058481673,2.2846159935,5.31714048E8,YES,14906
516980098,TRS_Outermost/Mixed_outermost/ex6.xml,13160410,AProVE21,33789,standard,551423,complete,51.060271188,14.8870661259,2.033332224E9,YES,24214
516980099,TRS_Outermost/Mixed_outermost/ex1.xml,13160411,AProVE21,33789,standard,551423,complete,5.907146072,2.1737139225,4.88480768E8,YES,12886
516980100,TRS_Outermost/Mixed_outermost/patterns2.xml,13160412,AProVE21,33789,standard,551423,complete,322.430576407,168.874992847,9.981923328E9,MAYBE,272180
516980101,TRS_Outermost/Strategy_outermost_added_08/jwno9.xml,13160184,AProVE21,33789,standard,551423,complete,226.803515351,117.139583826,1.019957248E10,MAYBE,234188
516980102,TRS_Outermost/Strategy_outermost_added_08/ExIntrod_GM99_Z.xml,13160185,AProVE21,33789,standard,551423,timeout (wallclock),1170.16378397,301.082533121,1.6529600512E10,MAYBE,243
516980103,TRS_Outermost/Strategy_outermost_added_08/Ex24_Luc06_iGM.xml,13160186,AProVE21,33789,standard,551423,timeout (wallclock),664.030305835,301.092655897,1.1389595648E10,MAYBE,240
516980104,TRS_Outermost/Strategy_outermost_added_08/Ex14_Luc06_L.xml,13160187,AProVE21,33789,standard,551423,complete,4.852929167,1.77916717529,4.7183872E8,NO,1452
516980105,TRS_Outermost/Strategy_outermost_added_08/TypeEx5.xml,13160188,AProVE21,33789,standard,551423,complete,4.734600108,6.32703089714,4.7521792E8,NO,1356
516980106,TRS_Outermost/Strategy_outermost_added_08/Ex1_GL02a_Z.xml,13160189,AProVE21,33789,standard,551423,complete,116.034581188,34.1587510109,4.101627904E9,YES,42433
516980107,TRS_Outermost/Strategy_outermost_added_08/ExIntrod_GM01_FR.xml,13160190,AProVE21,33789,standard,551423,timeout (wallclock),837.506425256,301.074028015,1.1039698944E10,MAYBE,243
516980108,TRS_Outermost/Strategy_outermost_added_08/n004.xml,13160191,AProVE21,33789,standard,551423,complete,4.765807759,1.81071090698,4.71339008E8,NO,1221
516980109,TRS_Outermost/Strategy_outermost_added_08/#4.17.xml,13160192,AProVE21,33789,standard,551423,complete,5.239128269,1.95814108849,5.29129472E8,NO,1683
516980110,TRS_Outermost/Strategy_outermost_added_08/LengthOfFiniteLists_complete-noand_L.xml,13160193,AProVE21,33789,standard,551423,complete,4.568796797,1.73386502266,4.66337792E8,NO,3649
516980111,TRS_Outermost/Strategy_outermost_added_08/n003.xml,13160194,AProVE21,33789,standard,551423,complete,4.681690306,1.83517789841,4.74427392E8,NO,1230
516980112,TRS_Outermost/Strategy_outermost_added_08/Ex1_GL02a.xml,13160195,AProVE21,33789,standard,551423,complete,5.068092938,1.87620902061,4.81374208E8,NO,1712
516980113,TRS_Outermost/Strategy_outermost_added_08/Ex1_Zan97_L.xml,13160196,AProVE21,33789,standard,551423,complete,4.466339443,1.77462601662,4.7415296E8,NO,1292
516980114,TRS_Outermost/Strategy_outermost_added_08/Ex14_AEGL02_L.xml,13160197,AProVE21,33789,standard,551423,complete,4.776274231,1.80098891258,4.77319168E8,NO,1455
516980115,TRS_Outermost/Strategy_outermost_added_08/Ex14_AEGL02_FR.xml,13160198,AProVE21,33789,standard,551423,timeout (wallclock),683.748832936,301.104124069,1.5925731328E10,MAYBE,240
516980116,TRS_Outermost/Strategy_outermost_added_08/Ex3_2_Luc97.xml,13160199,AProVE21,33789,standard,551423,complete,5.356938268,1.91492009163,4.72182784E8,NO,1824
516980117,TRS_Outermost/Strategy_outermost_added_08/PALINDROME_nokinds-noand_L.xml,13160200,AProVE21,33789,standard,551423,complete,5.302628543,1.93525409698,4.81062912E8,NO,2360
516980118,TRS_Outermost/Strategy_outermost_added_08/ExSec11_1_Luc02a.xml,13160201,AProVE21,33789,standard,551423,complete,4.52168503,1.79235601425,4.75201536E8,NO,2006
516980119,TRS_Outermost/Strategy_outermost_added_08/Ex2_8_1ConstSubstFix.xml,13160202,AProVE21,33789,standard,551423,complete,4.836184894,1.88407897949,5.644288E8,NO,1865
516980120,TRS_Outermost/Strategy_outermost_added_08/LengthOfFiniteLists_nosorts-noand_L.xml,13160203,AProVE21,33789,standard,551423,complete,4.271506538,1.69249606133,4.6206976E8,NO,1482
516980121,TRS_Outermost/Strategy_outermost_added_08/LengthOfFiniteLists_nosorts_noand_GM.xml,13160204,AProVE21,33789,standard,551423,complete,213.398969544,58.8606748581,7.030247424E9,YES,109763
516980122,TRS_Outermost/Strategy_outermost_added_08/Ex9_Luc04_Z.xml,13160205,AProVE21,33789,standard,551423,complete,4.7717961,1.81461000443,4.7517696E8,NO,1677
516980123,TRS_Outermost/Strategy_outermost_added_08/PALINDROME_complete_L.xml,13160206,AProVE21,33789,standard,551423,complete,4.208775157,1.69968986511,4.61893632E8,NO,2927
516980124,TRS_Outermost/Strategy_outermost_added_08/Ex16_Luc06_L.xml,13160207,AProVE21,33789,standard,551423,complete,4.573537468,2.92667913437,4.73362432E8,NO,1254
516980125,TRS_Outermost/Strategy_outermost_added_08/Ex4_7_37_Bor03.xml,13160208,AProVE21,33789,standard,551423,complete,4.610866798,1.76763391495,4.70020096E8,NO,1961
516980126,TRS_Outermost/Strategy_outermost_added_08/Ex1_GM99_L.xml,13160209,AProVE21,33789,standard,551423,complete,4.450604872,2.25702691078,4.77540352E8,NO,1267
516980127,TRS_Outermost/Strategy_outermost_added_08/PALINDROME_nokinds_L.xml,13160210,AProVE21,33789,standard,551423,complete,4.170407348,1.63183808327,4.59382784E8,NO,1858
516980128,TRS_Outermost/Strategy_outermost_added_08/LengthOfFiniteLists_complete-noand_FR.xml,13160211,AProVE21,33789,standard,551423,timeout (wallclock),1142.45183057,301.082612038,1.6714350592E10,MAYBE,243
516980129,TRS_Outermost/Strategy_outermost_added_08/round_nonterm.xml,13160212,AProVE21,33789,standard,551423,complete,4.667158146,1.79332900047,4.78203904E8,NO,1585
516980130,TRS_Outermost/Strategy_outermost_added_08/Ex3_12_Luc96a_L.xml,13160213,AProVE21,33789,standard,551423,complete,4.382424608,1.66843605042,4.72895488E8,NO,1459
516980131,TRS_Outermost/Strategy_outermost_added_08/Ex1_GM99.xml,13160214,AProVE21,33789,standard,551423,complete,4.871141858,1.83080101013,4.77261824E8,NO,1463
516980132,TRS_Outermost/Strategy_outermost_added_08/Ex1_Luc04b_L.xml,13160215,AProVE21,33789,standard,551423,complete,4.370712231,1.69575381279,4.66341888E8,NO,1517
516980133,TRS_Outermost/Strategy_outermost_added_08/test9.xml,13160216,AProVE21,33789,standard,551423,complete,5.539728585,2.05133891106,4.78334976E8,NO,1737
516980134,TRS_Outermost/Strategy_outermost_added_08/OvConsOS_nokinds-noand_L.xml,13160217,AProVE21,33789,standard,551423,complete,4.306032968,1.68086695671,4.64171008E8,NO,2652
516980135,TRS_Outermost/Strategy_outermost_added_08/Ex24_Luc06_GM.xml,13160218,AProVE21,33789,standard,551423,complete,9.538634707,3.11569905281,8.706048E8,YES,37117
516980136,TRS_Outermost/Strategy_outermost_added_08/LengthOfFiniteLists_nokinds_FR.xml,13160219,AProVE21,33789,standard,551423,timeout (wallclock),918.930557472,301.008109093,1.448497152E10,MAYBE,243
516980137,TRS_Outermost/Strategy_outermost_added_08/#4.3.xml,13160220,AProVE21,33789,standard,551423,complete,4.86005116,1.81802511215,4.80096256E8,NO,1552
516980138,TRS_Outermost/Strategy_outermost_added_08/Ex4_DLMMU04_L.xml,13160221,AProVE21,33789,standard,551423,complete,4.069932815,1.68027496338,4.59988992E8,NO,2265
516980139,TRS_Outermost/Strategy_outermost_added_08/test77.xml,13160222,AProVE21,33789,standard,551423,timeout (wallclock),634.495339046,301.04274106,1.4456848384E10,MAYBE,240
516980140,TRS_Outermost/Strategy_outermost_added_08/Ex5_DLMMU04_Z.xml,13160223,AProVE21,33789,standard,551423,timeout (wallclock),966.070137591,301.058150053,1.3233758208E10,MAYBE,243
516980141,TRS_Outermost/Strategy_outermost_added_08/Ex1_2_Luc02c_L.xml,13160224,AProVE21,33789,standard,551423,complete,4.122729985,1.68298006058,4.65035264E8,NO,1321
516980142,TRS_Outermost/Strategy_outermost_added_08/PALINDROME_nosorts_L.xml,13160225,AProVE21,33789,standard,551423,complete,4.171456923,1.65916705132,4.64080896E8,NO,1460
516980143,TRS_Outermost/Strategy_outermost_added_08/#4.4.xml,13160226,AProVE21,33789,standard,551423,complete,4.338851227,1.7458088398,4.65944576E8,NO,1557
516980144,TRS_Outermost/Strategy_outermost_added_08/PALINDROME_complete-noand_L.xml,13160227,AProVE21,33789,standard,551423,complete,5.595572636,1.98156380653,5.42072832E8,NO,4065
516980145,TRS_Outermost/Strategy_outermost_added_08/4.40.xml,13160228,AProVE21,33789,standard,551423,complete,11.687793534,3.7109079361,1.30674688E9,NO,3024
516980146,TRS_Outermost/Strategy_outermost_added_08/ExIntrod_GM01_L.xml,13160229,AProVE21,33789,standard,551423,complete,4.338463859,1.66887998581,4.629504E8,NO,1617
516980147,TRS_Outermost/Strategy_outermost_added_08/OvConsOS_nokinds-noand_FR.xml,13160230,AProVE21,33789,standard,551423,timeout (wallclock),1063.68745348,301.091508865,1.612566528E10,MAYBE,243
516980148,TRS_Outermost/Strategy_outermost_added_08/ttt1.xml,13160231,AProVE21,33789,standard,551423,complete,5.437525846,1.90794992447,5.40286976E8,NO,1874
516980149,TRS_Outermost/Strategy_outermost_added_08/Ex4_DLMMU04_FR.xml,13160232,AProVE21,33789,standard,551423,complete,19.553460011,8.73019099236,1.637490688E9,NO,4513
516980150,TRS_Outermost/Strategy_outermost_added_08/4.49.xml,13160233,AProVE21,33789,standard,551423,complete,4.977848617,1.84228396416,4.77138944E8,NO,1464
516980151,TRS_Outermost/Strategy_outermost_added_08/LISTUTILITIES_complete_L.xml,13160234,AProVE21,33789,standard,551423,complete,4.635326053,1.75674700737,4.743168E8,NO,5852
516980152,TRS_Outermost/Strategy_outermost_added_08/Ex6_15_AEL02_L.xml,13160235,AProVE21,33789,standard,551423,complete,4.276565366,1.67605495453,4.65166336E8,NO,2470
516980153,TRS_Outermost/Strategy_outermost_added_08/Ex4_4_Luc96b_FR.xml,13160236,AProVE21,33789,standard,551423,timeout (wallclock),661.312126578,301.081717968,1.2601278464E10,MAYBE,243
516980154,TRS_Outermost/Strategy_outermost_added_08/LengthOfFiniteLists_complete_L.xml,13160237,AProVE21,33789,standard,551423,complete,4.089402706,8.30926203728,4.66542592E8,NO,2773
516980155,TRS_Outermost/Strategy_outermost_added_08/nonterm.xml,13160238,AProVE21,33789,standard,551423,complete,167.244412641,114.640930891,1.327501312E10,MAYBE,38729
516980156,TRS_Outermost/Strategy_outermost_added_08/ExIntrod_Zan97.xml,13160239,AProVE21,33789,standard,551423,complete,4.784995196,1.82572007179,4.75516928E8,NO,1845
516980157,TRS_Outermost/Strategy_outermost_added_08/Ex5_Zan97_L.xml,13160240,AProVE21,33789,standard,551423,complete,4.230265593,1.67153906822,4.62934016E8,NO,1357
516980158,TRS_Outermost/Strategy_outermost_added_08/Ex6_9_Luc02c_L.xml,13160241,AProVE21,33789,standard,551423,complete,4.23382298,1.67893409729,4.63921152E8,NO,1471
516980159,TRS_Outermost/Strategy_outermost_added_08/Ex7_BLR02_L.xml,13160242,AProVE21,33789,standard,551423,complete,4.097258582,1.64787197113,4.59399168E8,NO,1632
516980160,TRS_Outermost/Strategy_outermost_added_08/Ex8_BLR02_L.xml,13160243,AProVE21,33789,standard,551423,complete,4.281787131,5.44714999199,4.62102528E8,NO,1649
516980161,TRS_Outermost/Strategy_outermost_added_08/PEANO_nosorts-noand_L.xml,13160244,AProVE21,33789,standard,551423,complete,3.961475872,1.66485786438,4.6548992E8,NO,1833
516980162,TRS_Outermost/Strategy_outermost_added_08/Ex1_GM99_iGM.xml,13160245,AProVE21,33789,standard,551423,timeout (wallclock),713.931627641,301.073113918,1.1613659136E10,MAYBE,240
516980163,TRS_Outermost/Strategy_outermost_added_08/Hamming.xml,13160246,AProVE21,33789,standard,551423,timeout (wallclock),724.324031925,301.077721119,1.5883272192E10,MAYBE,243
516980164,TRS_Outermost/Strategy_outermost_added_08/OvConsOS_nosorts_FR.xml,13160247,AProVE21,33789,standard,551423,complete,5.235424232,1.88279700279,4.7300608E8,NO,2287
516980165,TRS_Outermost/Strategy_outermost_added_08/OvConsOS_nosorts_noand_GM.xml,13160248,AProVE21,33789,standard,551423,timeout (wallclock),855.334161703,301.023611069,1.4094802944E10,MAYBE,243
516980166,TRS_Outermost/Strategy_outermost_added_08/Ex5_7_Luc97.xml,13160249,AProVE21,33789,standard,551423,complete,4.782516848,1.78057098389,4.76471296E8,NO,2282
516980167,TRS_Outermost/Strategy_outermost_added_08/Ex1_Luc02b_L.xml,13160250,AProVE21,33789,standard,551423,complete,4.214357242,1.63267803192,4.66255872E8,NO,1573
516980168,TRS_Outermost/Strategy_outermost_added_08/Ex4_7_37_Bor03_L.xml,13160251,AProVE21,33789,standard,551423,complete,4.276043862,1.66696214676,4.6385152E8,NO,1923
516980169,TRS_Outermost/Strategy_outermost_added_08/TypeEx3.xml,13160252,AProVE21,33789,standard,551423,complete,407.629649968,196.254270077,1.339846656E10,MAYBE,281122
516980170,TRS_Outermost/Strategy_outermost_added_08/Ex1_2_AEL03.xml,13160253,AProVE21,33789,standard,551423,complete,4.811526827,1.90574383736,5.01612544E8,NO,2067
516980171,TRS_Outermost/Strategy_outermost_added_08/#4.16.xml,13160254,AProVE21,33789,standard,551423,complete,4.635109149,1.97634792328,4.73174016E8,NO,1338
516980172,TRS_Outermost/Strategy_outermost_added_08/n002.xml,13160255,AProVE21,33789,standard,551423,complete,4.476629703,1.73765921593,4.731904E8,NO,1231
516980173,TRS_Outermost/Strategy_outermost_added_08/Ex3_3_25_Bor03_Z.xml,13160256,AProVE21,33789,standard,551423,complete,5.418899702,1.94097590446,4.81038336E8,NO,2511
516980174,TRS_Outermost/Strategy_outermost_added_08/jwno6.xml,13160257,AProVE21,33789,standard,551423,complete,4.532062675,1.84479212761,4.74361856E8,NO,2081
516980175,TRS_Outermost/Strategy_outermost_added_08/LISTUTILITIES_nosorts-noand_L.xml,13160258,AProVE21,33789,standard,551423,complete,4.47720766,1.79487800598,4.6712832E8,NO,2766
516980176,TRS_Outermost/Strategy_outermost_added_08/jwno1.xml,13160259,AProVE21,33789,standard,551423,complete,4.894274221,1.85649204254,4.7235072E8,NO,2202
516980177,TRS_Outermost/Strategy_outermost_added_08/Ex1_GM03_Z.xml,13160260,AProVE21,33789,standard,551423,complete,4.958895616,1.98497700691,4.74038272E8,NO,2000
516980178,TRS_Outermost/Strategy_outermost_added_08/n005.xml,13160261,AProVE21,33789,standard,551423,complete,4.558843071,3.9750289917,4.77769728E8,NO,1250
516980179,TRS_Outermost/Strategy_outermost_added_08/OvConsOS_nosorts-noand_FR.xml,13160262,AProVE21,33789,standard,551423,complete,32.852738615,9.03729510307,1.71094016E9,NO,3554
516980180,TRS_Outermost/Strategy_outermost_added_08/003.xml,13160263,AProVE21,33789,standard,551423,complete,5.137391357,1.93537187576,5.78715648E8,NO,1820
516980181,TRS_Outermost/Strategy_outermost_added_08/ExSec4_2_DLMMU04_L.xml,13160264,AProVE21,33789,standard,551423,complete,3.938622363,1.65632295609,4.59751424E8,NO,2070
516980182,TRS_Outermost/Strategy_outermost_added_08/#4.18.xml,13160265,AProVE21,33789,standard,551423,complete,4.518732457,1.71908593178,4.74300416E8,NO,1539
516980183,TRS_Outermost/Strategy_outermost_added_08/LengthOfFiniteLists_nokinds-noand_Z.xml,13160266,AProVE21,33789,standard,551423,timeout (wallclock),734.459043818,301.069118977,1.5860084736E10,MAYBE,240
516980184,TRS_Outermost/Strategy_outermost_added_08/cime4.xml,13160267,AProVE21,33789,standard,551423,complete,4.921942221,1.93019008636,5.2473856E8,NO,2162
516980185,TRS_Outermost/Strategy_outermost_added_08/OvConsOS_complete-noand_L.xml,13160268,AProVE21,33789,standard,551423,complete,4.435227012,1.78225898743,4.66898944E8,NO,4883
516980186,TRS_Outermost/Strategy_outermost_added_08/PEANO_complete-noand_L.xml,13160269,AProVE21,33789,standard,551423,complete,4.299035386,1.73727011681,4.64125952E8,NO,2515
516980187,TRS_Outermost/Strategy_outermost_added_08/LengthOfFiniteLists_nokinds-noand_FR.xml,13160270,AProVE21,33789,standard,551423,timeout (wallclock),730.671021461,301.057507992,1.2927414272E10,MAYBE,240
516980188,TRS_Outermost/Strategy_outermost_added_08/OvConsOS_nosorts_L.xml,13160271,AProVE21,33789,standard,551423,complete,4.296725798,1.66503119469,4.65358848E8,NO,1502
516980189,TRS_Outermost/Strategy_outermost_added_08/Ex15_Luc98.xml,13160272,AProVE21,33789,standard,551423,complete,4.98834367,1.87430500984,4.73288704E8,NO,1755
516980190,TRS_Outermost/Strategy_outermost_added_08/MYNAT_nokinds-noand_L.xml,13160273,AProVE21,33789,standard,551423,complete,4.52344133,1.70258498192,4.71830528E8,NO,2085
516980191,TRS_Outermost/Strategy_outermost_added_08/Ex24_GM04_L.xml,13160274,AProVE21,33789,standard,551423,complete,4.402548882,1.76848602295,4.77483008E8,NO,1242
516980192,TRS_Outermost/Strategy_outermost_added_08/Ex9_Luc06_Z.xml,13160275,AProVE21,33789,standard,551423,complete,4.689514085,1.84665107727,4.83647488E8,NO,1924
516980193,TRS_Outermost/Strategy_outermost_added_08/4.34.xml,13160276,AProVE21,33789,standard,551423,complete,4.211517364,1.71052002907,4.69856256E8,NO,1435
516980194,TRS_Outermost/Strategy_outermost_added_08/PEANO_nosorts_L.xml,13160277,AProVE21,33789,standard,551423,complete,4.096156574,1.63059711456,4.61041664E8,NO,1346
516980195,TRS_Outermost/Strategy_outermost_added_08/OvConsOS_nosorts-noand_Z.xml,13160278,AProVE21,33789,standard,551423,complete,25.832347796,7.16050410271,1.713299456E9,NO,3510
516980196,TRS_Outermost/Strategy_outermost_added_08/OvConsOS_nokinds_L.xml,13160279,AProVE21,33789,standard,551423,complete,4.209982439,1.62658691406,4.65256448E8,NO,2088
516980197,TRS_Outermost/Strategy_outermost_added_08/PEANO_nokinds_L.xml,13160280,AProVE21,33789,standard,551423,complete,4.119783524,1.71648907661,4.59481088E8,NO,1568
516980198,TRS_Outermost/Strategy_outermost_added_08/ExIntrod_GM04_Z.xml,13160281,AProVE21,33789,standard,551423,timeout (wallclock),780.997775604,301.008132935,1.127479296E10,MAYBE,243
516980199,TRS_Outermost/Strategy_outermost_added_08/Ex1_2_AEL03_L.xml,13160282,AProVE21,33789,standard,551423,complete,3.953672834,1.71226596832,4.6424064E8,NO,2203
516980200,TRS_Outermost/Strategy_outermost_added_08/ExIntrod_GM04.xml,13160283,AProVE21,33789,standard,551423,complete,5.043596566,1.92985200882,4.85322752E8,NO,1589
516980201,TRS_Outermost/Strategy_outermost_added_08/LengthOfFiniteLists_nosorts_L.xml,13160284,AProVE21,33789,standard,551423,complete,4.250338234,1.67875313759,4.64011264E8,NO,1390
516980202,TRS_Outermost/Strategy_outermost_added_08/Ex2_Luc03b.xml,13160285,AProVE21,33789,standard,551423,complete,4.675525354,1.81997990608,4.79903744E8,NO,1649
516980203,TRS_Outermost/Strategy_outermost_added_08/#4.2.xml,13160286,AProVE21,33789,standard,551423,complete,5.283977942,1.88305997849,4.98491392E8,NO,1665
516980204,TRS_Outermost/Strategy_outermost_added_08/ExIntrod_Zan97_Z.xml,13160287,AProVE21,33789,standard,551423,complete,5.041980163,1.92475104332,4.7224832E8,NO,2207
516980205,TRS_Outermost/Strategy_outermost_added_08/MYNAT_complete_L.xml,13160288,AProVE21,33789,standard,551423,complete,4.15825847,1.72657608986,4.6010368E8,NO,2419
516980206,TRS_Outermost/Strategy_outermost_added_08/LengthOfFiniteLists_nosorts_iGM.xml,13160289,AProVE21,33789,standard,551423,timeout (wallclock),729.284052389,301.067133904,1.3099851776E10,MAYBE,240
516980207,TRS_Outermost/Strategy_outermost_added_08/test76.xml,13160290,AProVE21,33789,standard,551423,complete,14.919856078,4.4050989151,1.198850048E9,NO,2134
516980208,TRS_Outermost/Strategy_outermost_added_08/Ex4_7_77_Bor03_L.xml,13160291,AProVE21,33789,standard,551423,complete,4.08735845,2.80982899666,4.61606912E8,NO,1331
516980209,TRS_Outermost/Strategy_outermost_added_08/LengthOfFiniteLists_nokinds_L.xml,13160292,AProVE21,33789,standard,551423,complete,4.163753756,1.70214915276,4.591616E8,NO,1846
516980210,TRS_Outermost/Strategy_outermost_added_08/Ex4_7_15_Bor03.xml,13160293,AProVE21,33789,standard,551423,complete,5.050874981,1.89888501167,4.77925376E8,NO,1522
516980211,TRS_Outermost/Strategy_outermost_added_08/Ex9_Luc04_GM.xml,13160294,AProVE21,33789,standard,551423,timeout (wallclock),647.32086273,301.096688032,1.0686337024E10,MAYBE,243
516980212,TRS_Outermost/Strategy_outermost_added_08/LengthOfFiniteLists_nosorts_GM.xml,13160295,AProVE21,33789,standard,551423,complete,77.100674287,20.9446899891,3.096887296E9,YES,56657
516980213,TRS_Outermost/Strategy_outermost_added_08/ExConc_Zan97.xml,13160296,AProVE21,33789,standard,551423,complete,4.635639718,12.820953846,4.77425664E8,NO,1264
516980214,TRS_Outermost/Strategy_outermost_added_08/4.06.xml,13160297,AProVE21,33789,standard,551423,complete,5.586884896,2.00082302094,5.01366784E8,NO,1538
516980215,TRS_Outermost/Strategy_outermost_added_08/Ex1_GM03.xml,13160298,AProVE21,33789,standard,551423,complete,4.840324659,1.87702894211,4.80653312E8,NO,1722
516980216,TRS_Outermost/Strategy_outermost_added_08/ExIntrod_Zan97_L.xml,13160299,AProVE21,33789,standard,551423,complete,3.985279168,1.65313601494,4.60300288E8,NO,1662
516980217,TRS_Outermost/Strategy_outermost_added_08/LengthOfFiniteLists_nosorts_Z.xml,13160300,AProVE21,33789,standard,551423,complete,5.156391161,1.8343641758,4.84552704E8,NO,1919
516980218,TRS_Outermost/Strategy_outermost_added_08/append-wrong.xml,13160301,AProVE21,33789,standard,551423,timeout (wallclock),697.297915576,301.067989111,1.14919424E10,MAYBE,243
516980219,TRS_Outermost/Strategy_outermost_added_08/Ex6_GM04_Z.xml,13160302,AProVE21,33789,standard,551423,complete,190.742560643,125.722660065,9.55011072E9,MAYBE,143909
516980220,TRS_Outermost/Strategy_outermost_added_08/ExConc_Zan97_Z.xml,13160303,AProVE21,33789,standard,551423,complete,4.876299777,2.52875614166,4.7925248E8,NO,1415
516980221,TRS_Outermost/Strategy_outermost_added_08/MYNAT_complete-noand_L.xml,13160304,AProVE21,33789,standard,551423,complete,4.394541859,1.76576495171,4.64257024E8,NO,3559
516980222,TRS_Outermost/Strategy_outermost_added_08/#4.12a.xml,13160305,AProVE21,33789,standard,551423,complete,5.21034919,5.34319615364,4.81267712E8,NO,1773
516980223,TRS_Outermost/Strategy_outermost_added_08/LengthOfFiniteLists_nokinds_Z.xml,13160306,AProVE21,33789,standard,551423,timeout (wallclock),819.017355789,301.051012039,1.5949090816E10,MAYBE,240
516980224,TRS_Outermost/Strategy_outermost_added_08/OvConsOS_nosorts-noand_L.xml,13160307,AProVE21,33789,standard,551423,complete,4.351727395,1.65189599991,4.65784832E8,NO,1722
516980225,TRS_Outermost/Strategy_outermost_added_08/Ex6_15_AEL02.xml,13160308,AProVE21,33789,standard,551423,complete,4.967860404,1.88920307159,4.69684224E8,NO,2648
516980226,TRS_Outermost/Strategy_outermost_added_08/test75.xml,13160309,AProVE21,33789,standard,551423,complete,5.595507997,2.00362896919,4.81431552E8,NO,1813
516980227,TRS_Outermost/Strategy_outermost_added_08/Ex9_Luc06_L.xml,13160310,AProVE21,33789,standard,551423,complete,4.651304633,1.7872979641,4.82541568E8,NO,1250
516980228,TRS_Outermost/Strategy_outermost_added_08/OvConsOS_nosorts_Z.xml,13160311,AProVE21,33789,standard,551423,complete,5.324080657,1.86308979988,4.76340224E8,NO,2251
516980229,TRS_Outermost/Strategy_outermost_added_08/Ex8_BLR02.xml,13160312,AProVE21,33789,standard,551423,complete,4.916741036,1.90926218033,4.84683776E8,NO,1700
516980230,TRS_Outermost/Strategy_outermost_added_08/termMonTypes.xml,13160313,AProVE21,33789,standard,551423,complete,4.99592259,1.80129003525,4.97553408E8,NO,1641
516980231,TRS_Outermost/Strategy_outermost_added_08/ExIntrod_GM04_L.xml,13160314,AProVE21,33789,standard,551423,complete,4.161061197,1.65979981422,4.64953344E8,NO,1456
516980232,TRS_Outermost/Strategy_outermost_added_08/Ex4_Zan97_L.xml,13160315,AProVE21,33789,standard,551423,complete,3.895470878,1.67098093033,4.59558912E8,NO,1535
516980233,TRS_Outermost/Strategy_outermost_added_08/Ex9_BLR02.xml,13160316,AProVE21,33789,standard,551423,complete,4.613553774,1.84246587753,4.95386624E8,NO,1825
516980234,TRS_Outermost/Strategy_outermost_added_08/ExIntrod_GM04_FR.xml,13160317,AProVE21,33789,standard,551423,timeout (wallclock),769.533904723,301.060780048,1.2038311936E10,MAYBE,240
516980235,TRS_Outermost/Strategy_outermost_added_08/Ex1_GM03_L.xml,13160318,AProVE21,33789,standard,551423,complete,4.127842366,1.68644785881,4.61283328E8,NO,1554
516980236,TRS_Outermost/Strategy_outermost_added_08/Ex14_Luc06_GM.xml,13160319,AProVE21,33789,standard,551423,timeout (wallclock),794.145406645,301.080530167,1.5926898688E10,MAYBE,240
516980237,TRS_Outermost/Strategy_outermost_added_08/LengthOfFiniteLists_nokinds-noand_L.xml,13160320,AProVE21,33789,standard,551423,complete,4.311008538,1.74610996246,4.64408576E8,NO,2169
516980238,TRS_Outermost/Strategy_outermost_added_08/Ex6_GM04.xml,13160321,AProVE21,33789,standard,551423,complete,144.207907176,99.201333046,3.059736576E9,MAYBE,67765
516980239,TRS_Outermost/Strategy_outermost_added_08/4.54.xml,13160322,AProVE21,33789,standard,551423,complete,4.726501992,2.39240098,4.75394048E8,NO,1902
516980240,TRS_Outermost/Strategy_outermost_added_08/gkg.xml,13160323,AProVE21,33789,standard,551423,complete,4.665366089,1.78445386887,4.74198016E8,NO,1308
516980241,TRS_Outermost/Strategy_outermost_added_08/n006.xml,13160324,AProVE21,33789,standard,551423,complete,4.520039075,2.16129899025,4.7331328E8,NO,1246
516980242,TRS_Outermost/Strategy_outermost_added_08/Ex1_Luc02b.xml,13160325,AProVE21,33789,standard,551423,complete,4.760935643,1.82866597176,4.6938112E8,NO,1593
516980243,TRS_Outermost/Strategy_outermost_added_08/thiemann28.xml,13160326,AProVE21,33789,standard,551423,timeout (wallclock),724.746600721,301.091564178,1.5907606528E10,MAYBE,240
516980244,TRS_Outermost/Strategy_outermost_added_08/Ex4_7_77_Bor03.xml,13160327,AProVE21,33789,standard,551423,complete,4.72396308,1.83489394188,4.75820032E8,NO,1332
516980245,TRS_Outermost/Strategy_outermost_added_08/Ex3_12_Luc96a.xml,13160328,AProVE21,33789,standard,551423,complete,4.842324131,1.8980910778,4.78466048E8,NO,1451
516980246,TRS_Outermost/Strategy_outermost_added_08/#4.15.xml,13160329,AProVE21,33789,standard,551423,complete,4.822028863,1.83749699593,4.79940608E8,NO,1767
516980247,TRS_Outermost/Strategy_outermost_added_08/n001.xml,13160330,AProVE21,33789,standard,551423,complete,5.093773964,1.85674190521,4.83328E8,NO,1443
516980248,TRS_Outermost/Strategy_outermost_added_08/Ex26_Luc03b.xml,13160331,AProVE21,33789,standard,551423,complete,4.623306668,1.7370800972,4.74660864E8,NO,1831
516980249,TRS_Outermost/Strategy_outermost_added_08/Ex6_Luc98.xml,13160332,AProVE21,33789,standard,551423,complete,4.867844576,1.78068304062,4.72805376E8,NO,1467
516980250,TRS_Outermost/Strategy_outermost_added_08/Ex24_GM04_GM.xml,13160333,AProVE21,33789,standard,551423,timeout (wallclock),810.209337117,301.074805975,1.202567168E10,MAYBE,240
516980251,TRS_Outermost/Strategy_outermost_added_08/Ex4_4_Luc96b_Z.xml,13160334,AProVE21,33789,standard,551423,timeout (wallclock),534.158407867,301.030728102,1.2830404608E10,MAYBE,243
516980252,TRS_Outermost/Strategy_outermost_added_08/Ex4_7_56_Bor03_L.xml,13160335,AProVE21,33789,standard,551423,complete,4.287680077,1.68950486183,4.65944576E8,NO,1481
516980253,TRS_Outermost/Strategy_outermost_added_08/n008.xml,13160336,AProVE21,33789,standard,551423,complete,4.304028504,1.72019004822,4.69327872E8,NO,1244
516980254,TRS_Outermost/Strategy_outermost_added_08/Ex1_Luc04b_FR.xml,13160337,AProVE21,33789,standard,551423,complete,275.06275138,74.9465930462,7.018754048E9,YES,213893
516980255,TRS_Outermost/Strategy_outermost_added_08/Ex24_GM04.xml,13160338,AProVE21,33789,standard,551423,complete,99.28257803,73.7786679268,3.54691072E9,MAYBE,29269
516980256,TRS_Outermost/Strategy_outermost_added_08/ExIntrod_GM01_Z.xml,13160339,AProVE21,33789,standard,551423,timeout (wallclock),884.076531316,301.052553177,1.1322765312E10,MAYBE,240
516980257,TRS_Outermost/Strategy_outermost_added_08/Ex6_15_AEL02_Z.xml,13160340,AProVE21,33789,standard,551423,complete,29.10393238,8.12681794167,1.484419072E9,NO,4402
516980258,TRS_Outermost/Strategy_outermost_added_08/PEANO_complete_L.xml,13160341,AProVE21,33789,standard,551423,complete,4.161352853,2.23182606697,4.59800576E8,NO,1994
516980259,TRS_Outermost/Strategy_outermost_added_08/#4.7.xml,13160342,AProVE21,33789,standard,551423,complete,5.015972714,5.60223293304,4.82177024E8,NO,1480
516980260,TRS_Outermost/Strategy_outermost_added_08/Ex6_9_Luc02c.xml,13160343,AProVE21,33789,standard,551423,complete,4.619781534,1.78411793709,4.73964544E8,NO,1471
516980261,TRS_Outermost/Strategy_outermost_added_08/ExIntrod_GM01.xml,13160344,AProVE21,33789,standard,551423,complete,4.773823435,1.78200101852,4.72608768E8,NO,1674
516980262,TRS_Outermost/Strategy_outermost_added_08/ExAppendixB_AEL03_L.xml,13160345,AProVE21,33789,standard,551423,complete,4.177319551,1.9986948967,4.59882496E8,NO,2348
516980263,TRS_Outermost/Strategy_outermost_added_08/Ex1_Luc04b_Z.xml,13160346,AProVE21,33789,standard,551423,complete,5.198682837,1.84534406662,4.8123904E8,NO,1831
516980264,TRS_Outermost/Strategy_outermost_added_08/OvConsOS_nokinds-noand_Z.xml,13160347,AProVE21,33789,standard,551423,timeout (wallclock),1057.97642586,301.052767992,1.5977312256E10,MAYBE,240
516980265,TRS_Outermost/Strategy_outermost_added_08/ExIntrod_GM99.xml,13160348,AProVE21,33789,standard,551423,complete,4.955002472,1.92316222191,5.19430144E8,NO,1901
516980266,TRS_Outermost/Strategy_outermost_added_08/Ex1_GM99_Z.xml,13160349,AProVE21,33789,standard,551423,complete,5.334026898,1.98801994324,4.84282368E8,NO,1849
516980267,TRS_Outermost/Strategy_outermost_added_08/Ex14_AEGL02.xml,13160350,AProVE21,33789,standard,551423,complete,4.612097242,1.76082587242,4.74099712E8,NO,1489
516980268,TRS_Outermost/Strategy_outermost_added_08/Ex15_Luc06_L.xml,13160351,AProVE21,33789,standard,551423,complete,4.154323501,1.72529101372,4.69204992E8,NO,1196
516980269,TRS_Outermost/Strategy_outermost_added_08/MYNAT_nosorts-noand_L.xml,13160352,AProVE21,33789,standard,551423,complete,4.197985399,1.65871906281,4.63069184E8,NO,1669
516980270,TRS_Outermost/Strategy_outermost_added_08/Ex9_Luc04_L.xml,13160353,AProVE21,33789,standard,551423,complete,4.876264795,1.82929301262,4.75959296E8,NO,1289
516980271,TRS_Outermost/Strategy_outermost_added_08/OvConsOS_nosorts_GM.xml,13160354,AProVE21,33789,standard,551423,timeout (wallclock),786.534028516,301.076657057,1.17139456E10,MAYBE,243
516980272,TRS_Outermost/Strategy_outermost_added_08/MYNAT_nosorts_L.xml,13160355,AProVE21,33789,standard,551423,complete,4.550293659,1.69992303848,4.72866816E8,NO,1446
516980273,TRS_Outermost/Strategy_outermost_added_08/ttt2.xml,13160356,AProVE21,33789,standard,551423,complete,4.617080338,1.8204638958,4.6882816E8,NO,1395
516980274,TRS_Outermost/Strategy_outermost_added_08/Ex49_GM04_L.xml,13160357,AProVE21,33789,standard,551423,complete,4.096210665,1.63881802559,4.6456832E8,NO,1510
516980275,TRS_Outermost/Strategy_outermost_added_08/Ex5_DLMMU04_FR.xml,13160358,AProVE21,33789,standard,551423,timeout (wallclock),804.444756118,301.073124886,1.5915409408E10,MAYBE,240
516980276,TRS_Outermost/Strategy_outermost_added_08/Ex5_DLMMU04_L.xml,13160359,AProVE21,33789,standard,551423,complete,4.243637582,1.65842890739,4.70888448E8,NO,1845
516980277,TRS_Outermost/Strategy_outermost_added_08/Ex15_Luc98_L.xml,13160360,AProVE21,33789,standard,551423,complete,4.246796601,1.69548583031,4.66853888E8,NO,1552
516980278,TRS_Outermost/Strategy_outermost_added_08/Ex4_DLMMU04_Z.xml,13160361,AProVE21,33789,standard,551423,complete,13.117996644,7.59468507767,1.511530496E9,NO,4409
516980279,TRS_Outermost/Strategy_outermost_added_08/MYNAT_nokinds_L.xml,13160362,AProVE21,33789,standard,551423,complete,4.228420925,1.65995407104,4.65645568E8,NO,1779
516980280,TRS_Outermost/Strategy_outermost_added_08/muladd.xml,13160363,AProVE21,33789,standard,551423,complete,5.618918295,6.1680150032,4.83651584E8,NO,1568
516980281,TRS_Outermost/Strategy_outermost_added_08/Ex1_Zan97.xml,13160364,AProVE21,33789,standard,551423,complete,4.849994193,1.85537600517,4.79719424E8,NO,1407
516980282,TRS_Outermost/Strategy_outermost_added_08/LISTUTILITIES_complete-noand_L.xml,13160365,AProVE21,33789,standard,551423,complete,4.84612596,1.75996208191,4.72961024E8,NO,9962
516980283,TRS_Outermost/Strategy_outermost_added_08/001.xml,13160366,AProVE21,33789,standard,551423,complete,4.362687627,1.79359102249,4.7177728E8,NO,1531
516980284,TRS_Outermost/Strategy_outermost_added_08/LISTUTILITIES_nokinds-noand_L.xml,13160367,AProVE21,33789,standard,551423,complete,4.67936777,1.79556012154,4.6962688E8,NO,4604
516980285,TRS_Outermost/Strategy_outermost_added_08/Ex14_AEGL02_Z.xml,13160368,AProVE21,33789,standard,551423,complete,5.774680966,2.12130188942,5.15465216E8,NO,2808
516980286,TRS_Outermost/Strategy_outermost_added_08/Ex7_BLR02.xml,13160369,AProVE21,33789,standard,551423,complete,4.793597896,1.87744092941,4.67390464E8,NO,1720
516980287,TRS_Outermost/Strategy_outermost_added_08/Ex1_Zan97_Z.xml,13160370,AProVE21,33789,standard,551423,complete,4.774442309,1.88891887665,4.76729344E8,NO,1823
516980288,TRS_Outermost/Strategy_outermost_added_08/Ex24_Luc06_Z.xml,13160371,AProVE21,33789,standard,551423,complete,5.261571545,1.96714305878,4.777984E8,NO,1754
516980289,TRS_Outermost/Strategy_outermost_added_08/#4.14.xml,13160372,AProVE21,33789,standard,551423,complete,4.946069688,1.90750193596,4.79039488E8,NO,1590
516980290,TRS_Outermost/Strategy_outermost_added_08/Ex5_7_Luc97_L.xml,13160373,AProVE21,33789,standard,551423,complete,4.376094904,1.7301928997,4.66722816E8,NO,2005
516980291,TRS_Outermost/Strategy_outermost_added_08/LengthOfFiniteLists_nosorts-noand_Z.xml,13160374,AProVE21,33789,standard,551423,complete,6.320468022,2.24824500084,5.26217216E8,NO,2745
516980292,TRS_Outermost/Strategy_outermost_added_08/OvConsOS_complete_L.xml,13160375,AProVE21,33789,standard,551423,complete,4.107873757,1.67727184296,4.61750272E8,NO,3250
516980293,TRS_Outermost/Strategy_outermost_added_08/jwno4.xml,13160376,AProVE21,33789,standard,551423,complete,4.730424704,1.78773212433,4.78199808E8,NO,2086
516980294,TRS_Outermost/Strategy_outermost_added_08/#4.13.xml,13160377,AProVE21,33789,standard,551423,complete,52.161371352,18.3454010487,1.90283776E9,YES,58417
516980295,TRS_Outermost/Strategy_outermost_added_08/n007.xml,13160378,AProVE21,33789,standard,551423,complete,4.782826843,1.83795809746,4.7362048E8,NO,1315
516980296,TRS_Outermost/Strategy_outermost_added_08/PEANO_nokinds-noand_L.xml,13160379,AProVE21,33789,standard,551423,complete,4.325464433,1.68566393852,4.72088576E8,NO,1700
516980297,TRS_Outermost/Strategy_outermost_added_08/nonTermF.xml,13160380,AProVE21,33789,standard,551423,complete,6.145567019,2.23271489143,5.36076288E8,NO,2416
516980298,TRS_Outermost/Strategy_outermost_added_08/Ex4_Zan97.xml,13160381,AProVE21,33789,standard,551423,complete,4.876177455,1.8034119606,4.73767936E8,NO,1505
516980299,TRS_Outermost/Strategy_outermost_added_08/Ex3_2_Luc97_L.xml,13160382,AProVE21,33789,standard,551423,complete,4.286584474,1.61762404442,4.69848064E8,NO,1584
516980300,TRS_Outermost/Strategy_outermost_added_08/ExIntrod_GM99_L.xml,13160383,AProVE21,33789,standard,551423,complete,4.559676602,1.93984508514,4.67349504E8,NO,1682
516980301,TRS_Outermost/Strategy_outermost_added_08/2.05.xml,13160384,AProVE21,33789,standard,551423,complete,5.081912946,2.0942530632,4.72244224E8,NO,1889
516980302,TRS_Outermost/Strategy_outermost_added_08/Ex1_2_Luc02c.xml,13160385,AProVE21,33789,standard,551423,complete,5.062975888,1.97836303711,4.73481216E8,NO,1387
516980303,TRS_Outermost/Strategy_outermost_added_08/LISTUTILITIES_nosorts_L.xml,13160386,AProVE21,33789,standard,551423,complete,4.22143084,1.72285795212,4.67423232E8,NO,2089
516980304,TRS_Outermost/Strategy_outermost_added_08/Ex4_7_56_Bor03.xml,13160387,AProVE21,33789,standard,551423,complete,4.897382008,1.79705500603,4.7624192E8,NO,1453
516980305,TRS_Outermost/Strategy_outermost_added_08/Ex5_Zan97.xml,13160388,AProVE21,33789,standard,551423,complete,284.988566686,84.3743698597,1.0292969472E10,YES,531893
516980306,TRS_Outermost/Strategy_outermost_added_08/ExAppendixB_AEL03.xml,13160389,AProVE21,33789,standard,551423,complete,4.966375683,1.87281799316,4.89586688E8,NO,2312
516980307,TRS_Outermost/Strategy_outermost_added_08/test10.xml,13160390,AProVE21,33789,standard,551423,complete,4.958847758,1.88184213638,4.78752768E8,NO,1600
516980308,TRS_Outermost/Strategy_outermost_added_08/LengthOfFiniteLists_complete-noand_Z.xml,13160391,AProVE21,33789,standard,551423,timeout (wallclock),1100.60758869,301.062220812,1.6006402048E10,MAYBE,243
516980309,TRS_Outermost/Strategy_outermost_added_08/Ex1_GM99_GM.xml,13160392,AProVE21,33789,standard,551423,timeout (wallclock),597.898002211,301.076884985,1.5854936064E10,MAYBE,240
516980310,TRS_Outermost/Strategy_outermost_added_08/Ex1_GL02a_L.xml,13160393,AProVE21,33789,standard,551423,complete,4.933369387,1.83424901962,4.79203328E8,NO,1472
516980311,TRS_Outermost/Strategy_outermost_added_08/LISTUTILITIES_nokinds_L.xml,13160394,AProVE21,33789,standard,551423,complete,4.345774004,1.71398997307,4.62770176E8,NO,3223
516980312,TRS_Outermost/Strategy_outermost_added_08/Ex14_Luc06_Z.xml,13160395,AProVE21,33789,standard,551423,complete,6.751855053,2.32792496681,5.34618112E8,NO,1743
516980313,TRS_Outermost/Strategy_outermost_added_08/Ex4_4_Luc96b.xml,13160396,AProVE21,33789,standard,551423,complete,4.476950929,1.79082202911,4.70147072E8,NO,1321
516980314,TRS_Outermost/Strategy_outermost_added_08/Ex3_3_25_Bor03.xml,13160397,AProVE21,33789,standard,551423,complete,4.985509701,1.83131885529,4.7886336E8,NO,1816
