pair id,benchmark,benchmark id,solver,solver id,configuration,configuration id,status,cpu time,wallclock time,memory usage,result,certification-result,certification-time,output-size
487548393,SRS_Relative/Mixed_relative_SRS/dup02.xml,11771692,ttt2-1.20,29431,ttt2_cert,360056,complete,892.072891256,300.367514133,1.577119744E9,MAYBE,-,-,-
487548394,SRS_Relative/Mixed_relative_SRS/dup02.xml,11771692,AProVE,29458,certified,360177,complete,58.465927962,15.5276479721,5.834252288E9,YES,CERTIFIED,0.1,64588
487548409,SRS_Relative/Mixed_relative_SRS/dup03.xml,11771700,ttt2-1.20,29431,ttt2_cert,360056,complete,11.834851331,3.23756289482,1.467088896E9,YES,CERTIFIED,0.0,18455
487548410,SRS_Relative/Mixed_relative_SRS/dup03.xml,11771700,AProVE,29458,certified,360177,complete,54.071990734,14.4623539448,6.337282048E9,YES,CERTIFIED,0.0,9174
487548411,SRS_Relative/Mixed_relative_SRS/dup04.xml,11771701,ttt2-1.20,29431,ttt2_cert,360056,complete,890.941600458,300.371045113,1.771040768E9,MAYBE,-,-,-
487548412,SRS_Relative/Mixed_relative_SRS/dup04.xml,11771701,AProVE,29458,certified,360177,complete,386.421972652,108.024348021,1.0891390976E10,YES,CERTIFIED,0.1,33913
487548427,SRS_Relative/Mixed_relative_SRS/un01.xml,11771709,ttt2-1.20,29431,ttt2_cert,360056,complete,892.099007419,300.376260996,1.408462848E9,MAYBE,-,-,-
487548428,SRS_Relative/Mixed_relative_SRS/un01.xml,11771709,AProVE,29458,certified,360177,complete,71.231691087,19.501832962,6.065729536E9,YES,CERTIFIED,0.1,24647
487548403,SRS_Relative/Mixed_relative_SRS/un03.xml,11771697,ttt2-1.20,29431,ttt2_cert,360056,complete,892.241230367,300.379734039,2.220036096E9,MAYBE,-,-,-
487548404,SRS_Relative/Mixed_relative_SRS/un03.xml,11771697,AProVE,29458,certified,360177,complete,985.762146652,300.69745779,1.6019042304E10,MAYBE,-,-,-
487548401,SRS_Relative/Mixed_relative_SRS/zr01.xml,11771696,ttt2-1.20,29431,ttt2_cert,360056,complete,3.834603105,1.43843102455,9.3902848E8,YES,CERTIFIED,0.1,25538
487548402,SRS_Relative/Mixed_relative_SRS/zr01.xml,11771696,AProVE,29458,certified,360177,complete,6.343099504,2.36530804634,5.98802432E8,YES,CERTIFIED,0.0,9502
487548421,SRS_Relative/Mixed_relative_SRS/zr02.xml,11771706,ttt2-1.20,29431,ttt2_cert,360056,complete,7.446950296,2.14449596405,1.060507648E9,YES,CERTIFIED,0.1,31244
487548422,SRS_Relative/Mixed_relative_SRS/zr02.xml,11771706,AProVE,29458,certified,360177,complete,8.003731687,2.8740530014,1.184456704E9,YES,CERTIFIED,0.1,21906
487548391,SRS_Relative/Mixed_relative_SRS/zr02new.xml,11771691,ttt2-1.20,29431,ttt2_cert,360056,complete,14.619587512,3.9265100956,1.110745088E9,YES,CERTIFIED,0.1,43544
487548392,SRS_Relative/Mixed_relative_SRS/zr02new.xml,11771691,AProVE,29458,certified,360177,complete,9.576441844,3.52930402756,1.459511296E9,YES,CERTIFIED,0.1,31550
487548425,SRS_Relative/Mixed_relative_SRS/zr03.xml,11771708,ttt2-1.20,29431,ttt2_cert,360056,complete,1.379616107,0.598891973495,3.56007936E8,YES,CERTIFIED,0.0,11069
487548426,SRS_Relative/Mixed_relative_SRS/zr03.xml,11771708,AProVE,29458,certified,360177,complete,4.234647023,1.85644388199,3.5616768E8,YES,CERTIFIED,0.0,3279
487548429,SRS_Relative/Mixed_relative_SRS/zr04.xml,11771710,ttt2-1.20,29431,ttt2_cert,360056,complete,892.171218169,300.314917803,1.345028096E9,MAYBE,-,-,-
487548430,SRS_Relative/Mixed_relative_SRS/zr04.xml,11771710,AProVE,29458,certified,360177,complete,17.192541263,5.21142101288,1.945935872E9,YES,CERTIFIED,0.1,45018
487548413,SRS_Relative/Mixed_relative_SRS/zr04new.xml,11771702,ttt2-1.20,29431,ttt2_cert,360056,complete,891.548184706,300.399348021,1.309310976E9,MAYBE,-,-,-
487548414,SRS_Relative/Mixed_relative_SRS/zr04new.xml,11771702,AProVE,29458,certified,360177,complete,14.37970775,4.38195991516,2.08023552E9,YES,CERTIFIED,0.1,45018
487548419,SRS_Relative/Mixed_relative_SRS/zr05.xml,11771705,ttt2-1.20,29431,ttt2_cert,360056,complete,1.933202615,0.737339019775,6.11336192E8,YES,CERTIFIED,0.0,11153
487548420,SRS_Relative/Mixed_relative_SRS/zr05.xml,11771705,AProVE,29458,certified,360177,complete,5.127854302,2.03010892868,4.38542336E8,YES,CERTIFIED,0.0,8982
487548405,SRS_Relative/Mixed_relative_SRS/zr06.xml,11771698,ttt2-1.20,29431,ttt2_cert,360056,complete,2.166920843,0.847210168839,6.69691904E8,YES,CERTIFIED,0.0,11237
487548406,SRS_Relative/Mixed_relative_SRS/zr06.xml,11771698,AProVE,29458,certified,360177,complete,5.959182802,2.23550486565,5.08555264E8,YES,CERTIFIED,0.0,13324
487548397,SRS_Relative/Mixed_relative_SRS/zr07.xml,11771694,ttt2-1.20,29431,ttt2_cert,360056,complete,3.091590621,1.06508493423,6.64858624E8,YES,CERTIFIED,0.0,17363
487548398,SRS_Relative/Mixed_relative_SRS/zr07.xml,11771694,AProVE,29458,certified,360177,complete,8.366590171,3.6142809391,1.106710528E9,YES,CERTIFIED,0.0,8082
487548407,SRS_Relative/Mixed_relative_SRS/zr08.xml,11771699,ttt2-1.20,29431,ttt2_cert,360056,complete,5.24136016,1.54995083809,7.40265984E8,YES,CERTIFIED,0.1,24853
487548408,SRS_Relative/Mixed_relative_SRS/zr08.xml,11771699,AProVE,29458,certified,360177,complete,8.985923426,3.11470293999,9.91494144E8,YES,CERTIFIED,0.0,12114
487548395,SRS_Relative/Mixed_relative_SRS/zr09.xml,11771693,ttt2-1.20,29431,ttt2_cert,360056,complete,2.582608903,0.900850057602,5.3004288E8,YES,CERTIFIED,0.0,19106
487548396,SRS_Relative/Mixed_relative_SRS/zr09.xml,11771693,AProVE,29458,certified,360177,complete,6.792587645,2.56765604019,7.28653824E8,YES,CERTIFIED,0.0,9352
487548415,SRS_Relative/Mixed_relative_SRS/zr10.xml,11771703,ttt2-1.20,29431,ttt2_cert,360056,complete,5.846845323,1.72103595734,1.020362752E9,YES,CERTIFIED,0.0,15812
487548416,SRS_Relative/Mixed_relative_SRS/zr10.xml,11771703,AProVE,29458,certified,360177,complete,13.683022912,4.25164318085,1.522880512E9,YES,CERTIFIED,0.1,35977
487548399,SRS_Relative/Mixed_relative_SRS/zr11.xml,11771695,ttt2-1.20,29431,ttt2_cert,360056,complete,4.794310744,1.50109910965,9.84969216E8,YES,CERTIFIED,0.1,18440
487548400,SRS_Relative/Mixed_relative_SRS/zr11.xml,11771695,AProVE,29458,certified,360177,complete,16.370821462,4.99616789818,2.45686272E9,YES,CERTIFIED,0.1,47211
487548423,SRS_Relative/Mixed_relative_SRS/zr12.xml,11771707,ttt2-1.20,29431,ttt2_cert,360056,complete,3.203505891,1.03380608559,3.92585216E8,YES,CERTIFIED,0.1,26536
487548424,SRS_Relative/Mixed_relative_SRS/zr12.xml,11771707,AProVE,29458,certified,360177,complete,7.115477157,2.58304095268,7.61683968E8,YES,CERTIFIED,0.0,12794
487548417,SRS_Relative/Mixed_relative_SRS/zr13.xml,11771704,ttt2-1.20,29431,ttt2_cert,360056,complete,1.006791417,0.490848064423,2.65945088E8,NO,CERTIFIED,0.0,9210
487548418,SRS_Relative/Mixed_relative_SRS/zr13.xml,11771704,AProVE,29458,certified,360177,complete,3.769216812,1.68702507019,3.30903552E8,NO,CERTIFIED,0.0,3239
487548447,SRS_Relative/Waldmann_06_relative/r1.xml,11771719,ttt2-1.20,29431,ttt2_cert,360056,complete,8.753420235,7.34496212006,3.14232832E8,MAYBE,-,-,-
487548448,SRS_Relative/Waldmann_06_relative/r1.xml,11771719,AProVE,29458,certified,360177,complete,0.358871858,0.297007799149,7.8979072E7,MAYBE,-,-,-
487548439,SRS_Relative/Waldmann_06_relative/r10.xml,11771715,ttt2-1.20,29431,ttt2_cert,360056,complete,892.120789312,300.307567835,1.900171264E9,MAYBE,-,-,-
487548440,SRS_Relative/Waldmann_06_relative/r10.xml,11771715,AProVE,29458,certified,360177,complete,476.177291296,119.926315069,9.560621056E9,YES,CERTIFIED,0.0,8567
487548433,SRS_Relative/Waldmann_06_relative/r2.xml,11771712,ttt2-1.20,29431,ttt2_cert,360056,complete,9.588489186,7.35683894157,4.7480832E8,MAYBE,-,-,-
487548434,SRS_Relative/Waldmann_06_relative/r2.xml,11771712,AProVE,29458,certified,360177,complete,0.360453305,0.460925102234,8.0891904E7,MAYBE,-,-,-
487548435,SRS_Relative/Waldmann_06_relative/r3.xml,11771713,ttt2-1.20,29431,ttt2_cert,360056,complete,3.167672063,1.06153106689,7.79444224E8,YES,CERTIFIED,0.0,10265
487548436,SRS_Relative/Waldmann_06_relative/r3.xml,11771713,AProVE,29458,certified,360177,complete,60.52970865,16.9606070518,5.207785472E9,YES,CERTIFIED,0.1,32329
487548437,SRS_Relative/Waldmann_06_relative/r4.xml,11771714,ttt2-1.20,29431,ttt2_cert,360056,complete,891.930130903,300.325437069,1.16539392E9,MAYBE,-,-,-
487548438,SRS_Relative/Waldmann_06_relative/r4.xml,11771714,AProVE,29458,certified,360177,complete,945.60628242,238.021062136,1.5492902912E10,YES,CERTIFIED,3.0,1595701
487548431,SRS_Relative/Waldmann_06_relative/r5.xml,11771711,ttt2-1.20,29431,ttt2_cert,360056,complete,2.279959605,0.860052108765,7.39938304E8,YES,CERTIFIED,0.0,13343
487548432,SRS_Relative/Waldmann_06_relative/r5.xml,11771711,AProVE,29458,certified,360177,complete,15.416372677,4.97313094139,1.589231616E9,YES,CERTIFIED,0.0,7009
487548449,SRS_Relative/Waldmann_06_relative/r6.xml,11771720,ttt2-1.20,29431,ttt2_cert,360056,complete,4.461785243,1.39152598381,8.15730688E8,YES,CERTIFIED,0.1,22904
487548450,SRS_Relative/Waldmann_06_relative/r6.xml,11771720,AProVE,29458,certified,360177,complete,10.931454765,3.52011203766,1.232334848E9,YES,CERTIFIED,0.0,8040
487548443,SRS_Relative/Waldmann_06_relative/r7.xml,11771717,ttt2-1.20,29431,ttt2_cert,360056,complete,3.557643781,1.12476706505,7.61212928E8,YES,CERTIFIED,0.0,21953
487548444,SRS_Relative/Waldmann_06_relative/r7.xml,11771717,AProVE,29458,certified,360177,complete,5.21311041,2.04541897774,4.78265344E8,YES,CERTIFIED,0.1,36082
487548451,SRS_Relative/Waldmann_06_relative/r8.xml,11771721,ttt2-1.20,29431,ttt2_cert,360056,complete,6.359811876,2.00055503845,1.133797376E9,YES,CERTIFIED,0.0,22247
487548452,SRS_Relative/Waldmann_06_relative/r8.xml,11771721,AProVE,29458,certified,360177,complete,19.075463168,5.63263201714,2.031824896E9,YES,CERTIFIED,0.0,12633
487548441,SRS_Relative/Waldmann_06_relative/r9.xml,11771716,ttt2-1.20,29431,ttt2_cert,360056,complete,6.842480788,1.99586987495,1.131982848E9,YES,CERTIFIED,0.0,12915
487548442,SRS_Relative/Waldmann_06_relative/r9.xml,11771716,AProVE,29458,certified,360177,complete,25.684676524,7.17268610001,1.417662464E9,YES,CERTIFIED,0.0,8775
487548445,SRS_Relative/Waldmann_06_relative/rbeans.xml,11771718,ttt2-1.20,29431,ttt2_cert,360056,complete,8.96139004,7.30843615532,4.05807104E8,MAYBE,-,-,-
487548446,SRS_Relative/Waldmann_06_relative/rbeans.xml,11771718,AProVE,29458,certified,360177,complete,0.362924141,0.278193950653,8.042496E7,MAYBE,-,-,-
487548557,SRS_Relative/Waldmann_19/random-10.xml,8321578,ttt2-1.20,29431,ttt2_cert,360056,complete,5.397905648,1.58873009682,1.124790272E9,YES,CERTIFIED,0.0,14836
487548558,SRS_Relative/Waldmann_19/random-10.xml,8321578,AProVE,29458,certified,360177,complete,5.884269923,2.35842204094,5.17799936E8,YES,CERTIFIED,0.2,47331
487548507,SRS_Relative/Waldmann_19/random-105.xml,8321553,ttt2-1.20,29431,ttt2_cert,360056,complete,10.525472472,2.91223716736,1.395503104E9,YES,CERTIFIED,0.0,19677
487548508,SRS_Relative/Waldmann_19/random-105.xml,8321553,AProVE,29458,certified,360177,complete,26.192566641,7.39629411697,3.042156544E9,YES,CERTIFIED,0.0,12989
487548595,SRS_Relative/Waldmann_19/random-106.xml,8321597,ttt2-1.20,29431,ttt2_cert,360056,complete,892.364164473,300.348972082,1.562189824E9,MAYBE,-,-,-
487548596,SRS_Relative/Waldmann_19/random-106.xml,8321597,AProVE,29458,certified,360177,timeout (cpu),1200.22351355,301.04464221,1.6045989888E10,MAYBE,-,-,-
487548651,SRS_Relative/Waldmann_19/random-109.xml,8321625,ttt2-1.20,29431,ttt2_cert,360056,complete,18.868652471,4.95827507973,1.43927296E9,YES,CERTIFIED,0.1,26432
487548652,SRS_Relative/Waldmann_19/random-109.xml,8321625,AProVE,29458,certified,360177,complete,6.422215452,2.37498688698,6.0975104E8,YES,CERTIFIED,0.1,50199
487548625,SRS_Relative/Waldmann_19/random-11.xml,8321612,ttt2-1.20,29431,ttt2_cert,360056,complete,892.150658061,300.340488911,1.570234368E9,MAYBE,-,-,-
487548626,SRS_Relative/Waldmann_19/random-11.xml,8321612,AProVE,29458,certified,360177,timeout (wallclock),1199.70807143,301.040688992,1.5464316928E10,MAYBE,-,-,-
487548565,SRS_Relative/Waldmann_19/random-110.xml,8321582,ttt2-1.20,29431,ttt2_cert,360056,complete,16.759118389,4.43449687958,1.39313152E9,YES,CERTIFIED,0.1,26955
487548566,SRS_Relative/Waldmann_19/random-110.xml,8321582,AProVE,29458,certified,360177,complete,8.021355756,2.91832518578,8.2036736E8,YES,CERTIFIED,0.0,8544
487548539,SRS_Relative/Waldmann_19/random-113.xml,8321569,ttt2-1.20,29431,ttt2_cert,360056,complete,14.405189253,3.84247112274,1.418391552E9,YES,CERTIFIED,0.0,15936
487548540,SRS_Relative/Waldmann_19/random-113.xml,8321569,AProVE,29458,certified,360177,complete,6.487201172,2.36876511574,6.13924864E8,YES,CERTIFIED,0.1,59615
487548483,SRS_Relative/Waldmann_19/random-115.xml,8321541,ttt2-1.20,29431,ttt2_cert,360056,complete,11.774743416,3.19419598579,1.470816256E9,YES,CERTIFIED,0.1,20811
487548484,SRS_Relative/Waldmann_19/random-115.xml,8321541,AProVE,29458,certified,360177,complete,6.105269178,2.36407804489,6.001664E8,YES,CERTIFIED,0.1,40332
487548619,SRS_Relative/Waldmann_19/random-116.xml,8321609,ttt2-1.20,29431,ttt2_cert,360056,complete,15.18978845,4.08868813515,1.553686528E9,YES,CERTIFIED,0.0,15948
487548620,SRS_Relative/Waldmann_19/random-116.xml,8321609,AProVE,29458,certified,360177,complete,4.497781396,2.11134600639,3.707904E8,YES,CERTIFIED,0.1,44815
487548487,SRS_Relative/Waldmann_19/random-120.xml,8321543,ttt2-1.20,29431,ttt2_cert,360056,complete,5.775548285,1.67829298973,1.189531648E9,YES,CERTIFIED,0.0,16852
487548488,SRS_Relative/Waldmann_19/random-120.xml,8321543,AProVE,29458,certified,360177,complete,5.227397011,2.07850313187,4.66694144E8,YES,CERTIFIED,0.1,41634
487548623,SRS_Relative/Waldmann_19/random-123.xml,8321611,ttt2-1.20,29431,ttt2_cert,360056,complete,892.113725858,300.382083178,1.495896064E9,MAYBE,-,-,-
487548624,SRS_Relative/Waldmann_19/random-123.xml,8321611,AProVE,29458,certified,360177,timeout (cpu),1200.32455038,301.050238848,1.5580852224E10,MAYBE,-,-,-
487548535,SRS_Relative/Waldmann_19/random-126.xml,8321567,ttt2-1.20,29431,ttt2_cert,360056,complete,1.131597333,0.515684127808,2.35761664E8,YES,CERTIFIED,0.0,10315
487548536,SRS_Relative/Waldmann_19/random-126.xml,8321567,AProVE,29458,certified,360177,complete,6.014700975,2.26483511925,5.88824576E8,YES,CERTIFIED,0.0,3505
487548517,SRS_Relative/Waldmann_19/random-130.xml,8321558,ttt2-1.20,29431,ttt2_cert,360056,complete,892.153597584,300.331554174,1.706131456E9,MAYBE,-,-,-
487548518,SRS_Relative/Waldmann_19/random-130.xml,8321558,AProVE,29458,certified,360177,timeout (wallclock),1198.37597224,301.044429064,1.5904923648E10,MAYBE,-,-,-
487548597,SRS_Relative/Waldmann_19/random-134.xml,8321598,ttt2-1.20,29431,ttt2_cert,360056,complete,9.689504283,2.66315603256,1.490173952E9,YES,CERTIFIED,0.1,20491
487548598,SRS_Relative/Waldmann_19/random-134.xml,8321598,AProVE,29458,certified,360177,complete,6.940424917,2.58968877792,6.18770432E8,YES,CERTIFIED,0.1,44810
487548511,SRS_Relative/Waldmann_19/random-137.xml,8321555,ttt2-1.20,29431,ttt2_cert,360056,complete,0.725020034,0.454855918884,1.72834816E8,YES,CERTIFIED,0.0,11264
487548512,SRS_Relative/Waldmann_19/random-137.xml,8321555,AProVE,29458,certified,360177,complete,5.659315139,2.14149999619,6.05835264E8,YES,CERTIFIED,0.1,45989
487548533,SRS_Relative/Waldmann_19/random-14.xml,8321566,ttt2-1.20,29431,ttt2_cert,360056,complete,14.25591172,3.84851098061,1.457250304E9,YES,CERTIFIED,0.1,21922
487548534,SRS_Relative/Waldmann_19/random-14.xml,8321566,AProVE,29458,certified,360177,complete,10.954287754,3.49878716469,1.362423808E9,YES,CERTIFIED,0.0,12646
487548631,SRS_Relative/Waldmann_19/random-140.xml,8321615,ttt2-1.20,29431,ttt2_cert,360056,complete,7.059039485,2.05204701424,1.231540224E9,YES,CERTIFIED,0.0,15455
487548632,SRS_Relative/Waldmann_19/random-140.xml,8321615,AProVE,29458,certified,360177,complete,5.111048243,2.04704213142,4.7214592E8,YES,CERTIFIED,0.1,42799
487548603,SRS_Relative/Waldmann_19/random-141.xml,8321601,ttt2-1.20,29431,ttt2_cert,360056,complete,892.185373269,300.309613943,1.684267008E9,MAYBE,-,-,-
487548604,SRS_Relative/Waldmann_19/random-141.xml,8321601,AProVE,29458,certified,360177,complete,454.570498589,114.541954041,1.099825152E10,NO,CERTIFIED,0.0,9456
487548519,SRS_Relative/Waldmann_19/random-142.xml,8321559,ttt2-1.20,29431,ttt2_cert,360056,complete,17.836199076,4.70304298401,1.47734528E9,YES,CERTIFIED,0.1,23154
487548520,SRS_Relative/Waldmann_19/random-142.xml,8321559,AProVE,29458,certified,360177,complete,8.898354309,2.99962306023,9.77084416E8,YES,CERTIFIED,0.0,8850
487548523,SRS_Relative/Waldmann_19/random-145.xml,8321561,ttt2-1.20,29431,ttt2_cert,360056,complete,12.745163232,3.42937493324,1.21147392E9,YES,CERTIFIED,0.1,24571
487548524,SRS_Relative/Waldmann_19/random-145.xml,8321561,AProVE,29458,certified,360177,complete,31.475423655,8.68998885155,3.460468736E9,YES,CERTIFIED,0.1,66070
487548601,SRS_Relative/Waldmann_19/random-146.xml,8321600,ttt2-1.20,29431,ttt2_cert,360056,complete,7.567523669,2.18152999878,1.131220992E9,YES,CERTIFIED,0.1,21364
487548602,SRS_Relative/Waldmann_19/random-146.xml,8321600,AProVE,29458,certified,360177,complete,6.79618724,2.45847702026,7.62503168E8,YES,CERTIFIED,0.1,68543
487548599,SRS_Relative/Waldmann_19/random-148.xml,8321599,ttt2-1.20,29431,ttt2_cert,360056,complete,892.187813618,300.306193829,1.634676736E9,MAYBE,-,-,-
487548600,SRS_Relative/Waldmann_19/random-148.xml,8321599,AProVE,29458,certified,360177,complete,124.63241671,35.5823681355,5.825159168E9,YES,CERTIFIED,0.2,81591
487548639,SRS_Relative/Waldmann_19/random-149.xml,8321619,ttt2-1.20,29431,ttt2_cert,360056,complete,8.215466662,2.34291696548,1.059282944E9,YES,CERTIFIED,0.0,20676
487548640,SRS_Relative/Waldmann_19/random-149.xml,8321619,AProVE,29458,certified,360177,complete,6.373923456,2.48719406128,5.63257344E8,YES,CERTIFIED,0.1,60015
487548549,SRS_Relative/Waldmann_19/random-150.xml,8321574,ttt2-1.20,29431,ttt2_cert,360056,complete,891.74335041,300.337133169,1.684176896E9,MAYBE,-,-,-
487548550,SRS_Relative/Waldmann_19/random-150.xml,8321574,AProVE,29458,certified,360177,complete,26.817166519,7.51960396767,2.803736576E9,YES,CERTIFIED,0.3,135602
487548629,SRS_Relative/Waldmann_19/random-151.xml,8321614,ttt2-1.20,29431,ttt2_cert,360056,complete,892.277988266,300.353497028,1.437986816E9,MAYBE,-,-,-
487548630,SRS_Relative/Waldmann_19/random-151.xml,8321614,AProVE,29458,certified,360177,complete,50.447559495,13.718875885,4.617355264E9,YES,CERTIFIED,0.1,19062
487548489,SRS_Relative/Waldmann_19/random-152.xml,8321544,ttt2-1.20,29431,ttt2_cert,360056,complete,891.889192811,300.310683966,1.192779776E9,MAYBE,-,-,-
487548490,SRS_Relative/Waldmann_19/random-152.xml,8321544,AProVE,29458,certified,360177,complete,55.13269004,18.5534620285,5.03762944E9,YES,CERTIFIED,0.3,156191
487548561,SRS_Relative/Waldmann_19/random-159.xml,8321580,ttt2-1.20,29431,ttt2_cert,360056,complete,15.94504634,4.27361989021,1.5079424E9,YES,CERTIFIED,0.0,19314
487548562,SRS_Relative/Waldmann_19/random-159.xml,8321580,AProVE,29458,certified,360177,complete,52.398009943,13.8826320171,4.711948288E9,YES,CERTIFIED,0.1,19590
487548621,SRS_Relative/Waldmann_19/random-16.xml,8321610,ttt2-1.20,29431,ttt2_cert,360056,complete,1.166394252,0.583592176437,2.90861056E8,YES,CERTIFIED,0.0,11385
487548622,SRS_Relative/Waldmann_19/random-16.xml,8321610,AProVE,29458,certified,360177,complete,5.672014245,2.27960991859,5.32021248E8,YES,CERTIFIED,0.0,4807
487548477,SRS_Relative/Waldmann_19/random-160.xml,8321538,ttt2-1.20,29431,ttt2_cert,360056,complete,1.142504471,0.563112020493,2.47721984E8,YES,CERTIFIED,0.0,12011
487548478,SRS_Relative/Waldmann_19/random-160.xml,8321538,AProVE,29458,certified,360177,complete,8.046883161,2.86886405945,9.95807232E8,YES,CERTIFIED,0.1,52208
487548573,SRS_Relative/Waldmann_19/random-162.xml,8321586,ttt2-1.20,29431,ttt2_cert,360056,complete,8.260581039,2.32980298996,1.159020544E9,YES,CERTIFIED,0.0,17714
487548574,SRS_Relative/Waldmann_19/random-162.xml,8321586,AProVE,29458,certified,360177,complete,4.8733316,1.97689294815,4.54680576E8,YES,CERTIFIED,0.1,30012
487548611,SRS_Relative/Waldmann_19/random-163.xml,8321605,ttt2-1.20,29431,ttt2_cert,360056,complete,892.059585681,300.353188992,1.580044288E9,MAYBE,-,-,-
487548612,SRS_Relative/Waldmann_19/random-163.xml,8321605,AProVE,29458,certified,360177,timeout (cpu),1200.35132065,301.068588018,1.5769157632E10,MAYBE,-,-,-
487548607,SRS_Relative/Waldmann_19/random-164.xml,8321603,ttt2-1.20,29431,ttt2_cert,360056,complete,1.316653402,0.566373109818,3.5323904E8,YES,CERTIFIED,0.0,10308
487548608,SRS_Relative/Waldmann_19/random-164.xml,8321603,AProVE,29458,certified,360177,complete,5.222474648,2.15475201607,4.72293376E8,YES,CERTIFIED,0.0,3730
487548545,SRS_Relative/Waldmann_19/random-166.xml,8321572,ttt2-1.20,29431,ttt2_cert,360056,complete,892.270793808,300.308744192,1.501495296E9,MAYBE,-,-,-
487548546,SRS_Relative/Waldmann_19/random-166.xml,8321572,AProVE,29458,certified,360177,complete,1166.61777347,293.471369982,1.6053362688E10,MAYBE,-,-,-
487548541,SRS_Relative/Waldmann_19/random-168.xml,8321570,ttt2-1.20,29431,ttt2_cert,360056,complete,7.676813208,2.19153094292,1.301295104E9,YES,CERTIFIED,0.1,21364
487548542,SRS_Relative/Waldmann_19/random-168.xml,8321570,AProVE,29458,certified,360177,complete,5.356749669,2.08484888077,4.90635264E8,YES,CERTIFIED,0.1,47982
487548647,SRS_Relative/Waldmann_19/random-172.xml,8321623,ttt2-1.20,29431,ttt2_cert,360056,complete,25.220741412,6.96275281906,1.601396736E9,UNSUPPORTED-YES,UNSUPPORTED,0.0,15317
487548648,SRS_Relative/Waldmann_19/random-172.xml,8321623,AProVE,29458,certified,360177,complete,6.462830615,2.47108793259,5.85314304E8,YES,CERTIFIED,0.1,37411
487548585,SRS_Relative/Waldmann_19/random-173.xml,8321592,ttt2-1.20,29431,ttt2_cert,360056,complete,10.417807751,2.87555599213,1.538822144E9,YES,CERTIFIED,0.0,11592
487548586,SRS_Relative/Waldmann_19/random-173.xml,8321592,AProVE,29458,certified,360177,complete,7.477269292,2.65565609932,8.01206272E8,YES,CERTIFIED,0.0,7348
487548649,SRS_Relative/Waldmann_19/random-175.xml,8321624,ttt2-1.20,29431,ttt2_cert,360056,complete,892.075380724,300.367401838,1.712750592E9,MAYBE,-,-,-
487548650,SRS_Relative/Waldmann_19/random-175.xml,8321624,AProVE,29458,certified,360177,timeout (cpu),1200.56659505,301.008258104,1.5548923904E10,MAYBE,-,-,-
487548467,SRS_Relative/Waldmann_19/random-176.xml,8321533,ttt2-1.20,29431,ttt2_cert,360056,complete,892.347101498,300.336981058,1.600294912E9,MAYBE,-,-,-
487548468,SRS_Relative/Waldmann_19/random-176.xml,8321533,AProVE,29458,certified,360177,complete,1178.5453591,296.184669971,1.5874240512E10,MAYBE,-,-,-
487548501,SRS_Relative/Waldmann_19/random-177.xml,8321550,ttt2-1.20,29431,ttt2_cert,360056,complete,892.32842337,300.323586941,1.59965184E9,MAYBE,-,-,-
487548502,SRS_Relative/Waldmann_19/random-177.xml,8321550,AProVE,29458,certified,360177,complete,1174.28899422,295.288209915,1.547384832E10,MAYBE,-,-,-
487548529,SRS_Relative/Waldmann_19/random-182.xml,8321564,ttt2-1.20,29431,ttt2_cert,360056,complete,892.204325482,300.354712009,1.692172288E9,MAYBE,-,-,-
487548530,SRS_Relative/Waldmann_19/random-182.xml,8321564,AProVE,29458,certified,360177,complete,1181.50969696,297.516019821,1.6300670976E10,MAYBE,-,-,-
487548495,SRS_Relative/Waldmann_19/random-184.xml,8321547,ttt2-1.20,29431,ttt2_cert,360056,complete,6.231759859,1.80751895905,1.06203136E9,YES,CERTIFIED,0.0,18462
487548496,SRS_Relative/Waldmann_19/random-184.xml,8321547,AProVE,29458,certified,360177,complete,5.185565956,2.06365895271,4.66518016E8,YES,CERTIFIED,0.1,45660
487548555,SRS_Relative/Waldmann_19/random-186.xml,8321577,ttt2-1.20,29431,ttt2_cert,360056,complete,892.26070565,300.308606148,1.622482944E9,MAYBE,-,-,-
487548556,SRS_Relative/Waldmann_19/random-186.xml,8321577,AProVE,29458,certified,360177,complete,910.167955079,228.904616117,1.5584579584E10,YES,CERTIFIED,0.0,7981
487548627,SRS_Relative/Waldmann_19/random-187.xml,8321613,ttt2-1.20,29431,ttt2_cert,360056,complete,891.980482754,300.338654041,1.599123456E9,MAYBE,-,-,-
487548628,SRS_Relative/Waldmann_19/random-187.xml,8321613,AProVE,29458,certified,360177,complete,54.577543073,14.5518159866,4.721864704E9,YES,CERTIFIED,0.0,13824
487548453,SRS_Relative/Waldmann_19/random-195.xml,8321526,ttt2-1.20,29431,ttt2_cert,360056,complete,892.233779002,300.371225834,1.63364864E9,MAYBE,-,-,-
487548454,SRS_Relative/Waldmann_19/random-195.xml,8321526,AProVE,29458,certified,360177,timeout (wallclock),1198.93643628,301.043423891,1.5899344896E10,MAYBE,-,-,-
487548637,SRS_Relative/Waldmann_19/random-198.xml,8321618,ttt2-1.20,29431,ttt2_cert,360056,complete,892.226467956,300.357125044,1.628516352E9,MAYBE,-,-,-
487548638,SRS_Relative/Waldmann_19/random-198.xml,8321618,AProVE,29458,certified,360177,timeout (wallclock),1199.90773823,301.053774118,1.5390257152E10,MAYBE,-,-,-
487548481,SRS_Relative/Waldmann_19/random-202.xml,8321540,ttt2-1.20,29431,ttt2_cert,360056,complete,20.865546102,5.51104807854,1.533222912E9,UNSUPPORTED-YES,UNSUPPORTED,0.0,24077
487548482,SRS_Relative/Waldmann_19/random-202.xml,8321540,AProVE,29458,certified,360177,complete,62.691590535,16.484498024,4.962086912E9,YES,CERTIFIED,0.1,27179
487548563,SRS_Relative/Waldmann_19/random-207.xml,8321581,ttt2-1.20,29431,ttt2_cert,360056,complete,892.160845405,300.305412054,1.699749888E9,MAYBE,-,-,-
487548564,SRS_Relative/Waldmann_19/random-207.xml,8321581,AProVE,29458,certified,360177,timeout (wallclock),1199.17398981,301.010390043,1.5782494208E10,MAYBE,-,-,-
487548609,SRS_Relative/Waldmann_19/random-208.xml,8321604,ttt2-1.20,29431,ttt2_cert,360056,complete,892.431788748,300.308065176,1.635749888E9,MAYBE,-,-,-
487548610,SRS_Relative/Waldmann_19/random-208.xml,8321604,AProVE,29458,certified,360177,complete,148.02974419,38.6329109669,6.233055232E9,YES,CERTIFIED,0.2,103121
487548569,SRS_Relative/Waldmann_19/random-209.xml,8321584,ttt2-1.20,29431,ttt2_cert,360056,complete,891.625371957,300.304944992,1.60894976E9,MAYBE,-,-,-
487548570,SRS_Relative/Waldmann_19/random-209.xml,8321584,AProVE,29458,certified,360177,timeout (cpu),1200.83546282,301.007735014,1.5804858368E10,MAYBE,-,-,-
487548641,SRS_Relative/Waldmann_19/random-210.xml,8321620,ttt2-1.20,29431,ttt2_cert,360056,complete,6.688874611,1.96897292137,1.312415744E9,YES,CERTIFIED,0.0,15775
487548642,SRS_Relative/Waldmann_19/random-210.xml,8321620,AProVE,29458,certified,360177,complete,4.789021596,1.89963698387,3.8508544E8,YES,CERTIFIED,0.1,35395
487548509,SRS_Relative/Waldmann_19/random-212.xml,8321554,ttt2-1.20,29431,ttt2_cert,360056,complete,892.124525192,300.307511091,1.563009024E9,MAYBE,-,-,-
487548510,SRS_Relative/Waldmann_19/random-212.xml,8321554,AProVE,29458,certified,360177,complete,51.531068089,13.6622269154,4.67574784E9,YES,CERTIFIED,0.0,14155
487548589,SRS_Relative/Waldmann_19/random-216.xml,8321594,ttt2-1.20,29431,ttt2_cert,360056,complete,892.166543493,300.339562178,1.738010624E9,MAYBE,-,-,-
487548590,SRS_Relative/Waldmann_19/random-216.xml,8321594,AProVE,29458,certified,360177,timeout (wallclock),1200.05130589,301.015964031,1.5589101568E10,MAYBE,-,-,-
487548463,SRS_Relative/Waldmann_19/random-221.xml,8321531,ttt2-1.20,29431,ttt2_cert,360056,complete,8.130975969,2.28450202942,9.52336384E8,YES,CERTIFIED,0.0,20402
487548464,SRS_Relative/Waldmann_19/random-221.xml,8321531,AProVE,29458,certified,360177,complete,5.341833259,2.18039917946,4.82127872E8,YES,CERTIFIED,0.1,50197
487548461,SRS_Relative/Waldmann_19/random-226.xml,8321530,ttt2-1.20,29431,ttt2_cert,360056,complete,8.535298516,2.45188188553,1.074413568E9,YES,CERTIFIED,0.1,18341
487548462,SRS_Relative/Waldmann_19/random-226.xml,8321530,AProVE,29458,certified,360177,complete,5.960606709,2.26333212852,5.3209088E8,YES,CERTIFIED,0.1,60454
487548515,SRS_Relative/Waldmann_19/random-227.xml,8321557,ttt2-1.20,29431,ttt2_cert,360056,complete,891.940615356,300.374012947,1.580609536E9,MAYBE,-,-,-
487548516,SRS_Relative/Waldmann_19/random-227.xml,8321557,AProVE,29458,certified,360177,complete,27.206099572,13.4422500134,3.60843264E9,YES,CERTIFIED,0.1,18244
487548457,SRS_Relative/Waldmann_19/random-228.xml,8321528,ttt2-1.20,29431,ttt2_cert,360056,complete,8.707016213,2.48810887337,1.193259008E9,YES,CERTIFIED,0.0,20974
487548458,SRS_Relative/Waldmann_19/random-228.xml,8321528,AProVE,29458,certified,360177,complete,8.106872529,2.832447052,9.51291904E8,YES,CERTIFIED,0.0,10702
487548559,SRS_Relative/Waldmann_19/random-232.xml,8321579,ttt2-1.20,29431,ttt2_cert,360056,complete,892.218759002,300.309817076,1.820258304E9,MAYBE,-,-,-
487548560,SRS_Relative/Waldmann_19/random-232.xml,8321579,AProVE,29458,certified,360177,complete,40.36514877,10.9271559715,4.675219456E9,YES,CERTIFIED,0.2,106720
487548613,SRS_Relative/Waldmann_19/random-24.xml,8321606,ttt2-1.20,29431,ttt2_cert,360056,complete,1.368600223,0.643446922302,3.18705664E8,YES,CERTIFIED,0.0,9995
487548614,SRS_Relative/Waldmann_19/random-24.xml,8321606,AProVE,29458,certified,360177,complete,4.840409973,2.13586401939,4.28261376E8,YES,CERTIFIED,0.0,3417
487548537,SRS_Relative/Waldmann_19/random-26.xml,8321568,ttt2-1.20,29431,ttt2_cert,360056,complete,10.359876806,2.89306616783,1.420058624E9,YES,CERTIFIED,0.0,13608
487548538,SRS_Relative/Waldmann_19/random-26.xml,8321568,AProVE,29458,certified,360177,complete,7.334533333,2.56575298309,7.54397184E8,YES,CERTIFIED,0.0,8787
487548485,SRS_Relative/Waldmann_19/random-27.xml,8321542,ttt2-1.20,29431,ttt2_cert,360056,complete,892.308037751,300.34544301,1.568178176E9,MAYBE,-,-,-
487548486,SRS_Relative/Waldmann_19/random-27.xml,8321542,AProVE,29458,certified,360177,complete,1180.82976599,296.914903879,1.5625826304E10,MAYBE,-,-,-
487548547,SRS_Relative/Waldmann_19/random-28.xml,8321573,ttt2-1.20,29431,ttt2_cert,360056,complete,891.959313384,300.315430164,1.446146048E9,MAYBE,-,-,-
487548548,SRS_Relative/Waldmann_19/random-28.xml,8321573,AProVE,29458,certified,360177,complete,210.669875122,53.6789939404,7.544467456E9,YES,CERTIFIED,0.3,149901
487548593,SRS_Relative/Waldmann_19/random-33.xml,8321596,ttt2-1.20,29431,ttt2_cert,360056,complete,891.571928155,300.317513943,1.545576448E9,MAYBE,-,-,-
487548594,SRS_Relative/Waldmann_19/random-33.xml,8321596,AProVE,29458,certified,360177,timeout (wallclock),1199.65003591,301.03105402,1.577435136E10,MAYBE,-,-,-
487548587,SRS_Relative/Waldmann_19/random-34.xml,8321593,ttt2-1.20,29431,ttt2_cert,360056,complete,0.600431954,0.430134057999,1.22789888E8,YES,CERTIFIED,0.0,12011
487548588,SRS_Relative/Waldmann_19/random-34.xml,8321593,AProVE,29458,certified,360177,complete,4.98465129,2.07822108269,4.66665472E8,YES,CERTIFIED,0.0,5433
487548643,SRS_Relative/Waldmann_19/random-35.xml,8321621,ttt2-1.20,29431,ttt2_cert,360056,complete,6.797006835,1.98921585083,1.12029696E9,YES,CERTIFIED,0.0,14523
487548644,SRS_Relative/Waldmann_19/random-35.xml,8321621,AProVE,29458,certified,360177,complete,4.758940909,2.00450801849,3.82554112E8,YES,CERTIFIED,0.1,41634
487548471,SRS_Relative/Waldmann_19/random-38.xml,8321535,ttt2-1.20,29431,ttt2_cert,360056,complete,892.145725293,300.336750031,1.572278272E9,MAYBE,-,-,-
487548472,SRS_Relative/Waldmann_19/random-38.xml,8321535,AProVE,29458,certified,360177,timeout (cpu),1200.0988123,301.059893847,1.6052641792E10,MAYBE,-,-,-
487548497,SRS_Relative/Waldmann_19/random-39.xml,8321548,ttt2-1.20,29431,ttt2_cert,360056,complete,891.924137306,300.357506037,1.688592384E9,MAYBE,-,-,-
487548498,SRS_Relative/Waldmann_19/random-39.xml,8321548,AProVE,29458,certified,360177,complete,20.519575236,6.07603001595,2.26729984E9,YES,CERTIFIED,0.3,131169
487548581,SRS_Relative/Waldmann_19/random-41.xml,8321590,ttt2-1.20,29431,ttt2_cert,360056,complete,892.181453818,300.355638981,1.354809344E9,MAYBE,-,-,-
487548582,SRS_Relative/Waldmann_19/random-41.xml,8321590,AProVE,29458,certified,360177,complete,5.495240691,2.32740592957,4.72100864E8,YES,CERTIFIED,0.2,60460
487548503,SRS_Relative/Waldmann_19/random-42.xml,8321551,ttt2-1.20,29431,ttt2_cert,360056,complete,892.184038535,300.329356909,1.52645632E9,MAYBE,-,-,-
487548504,SRS_Relative/Waldmann_19/random-42.xml,8321551,AProVE,29458,certified,360177,complete,10.344661071,3.52256608009,1.224380416E9,YES,CERTIFIED,0.0,11170
487548465,SRS_Relative/Waldmann_19/random-43.xml,8321532,ttt2-1.20,29431,ttt2_cert,360056,complete,892.274312772,300.311774015,1.807171584E9,MAYBE,-,-,-
487548466,SRS_Relative/Waldmann_19/random-43.xml,8321532,AProVE,29458,certified,360177,complete,118.90460292,30.6662251949,6.235099136E9,YES,CERTIFIED,0.1,72155
487548499,SRS_Relative/Waldmann_19/random-45.xml,8321549,ttt2-1.20,29431,ttt2_cert,360056,complete,21.128289468,5.57992601395,1.612046336E9,UNSUPPORTED-YES,UNSUPPORTED,0.0,25327
487548500,SRS_Relative/Waldmann_19/random-45.xml,8321549,AProVE,29458,certified,360177,complete,48.096117038,12.8594019413,4.725600256E9,YES,CERTIFIED,0.1,24239
487548583,SRS_Relative/Waldmann_19/random-46.xml,8321591,ttt2-1.20,29431,ttt2_cert,360056,complete,891.295121766,300.380665064,1.548525568E9,MAYBE,-,-,-
487548584,SRS_Relative/Waldmann_19/random-46.xml,8321591,AProVE,29458,certified,360177,complete,7.464736135,2.61713480949,7.92539136E8,YES,CERTIFIED,0.0,9501
487548579,SRS_Relative/Waldmann_19/random-50.xml,8321589,ttt2-1.20,29431,ttt2_cert,360056,complete,1.147876232,0.52912902832,3.13008128E8,YES,CERTIFIED,0.0,9995
487548580,SRS_Relative/Waldmann_19/random-50.xml,8321589,AProVE,29458,certified,360177,complete,4.40236333,2.77566003799,3.90004736E8,YES,CERTIFIED,0.0,3417
487548479,SRS_Relative/Waldmann_19/random-52.xml,8321539,ttt2-1.20,29431,ttt2_cert,360056,complete,15.944210142,4.2930970192,1.173082112E9,YES,CERTIFIED,0.1,26695
487548480,SRS_Relative/Waldmann_19/random-52.xml,8321539,AProVE,29458,certified,360177,complete,6.140231138,2.36613106728,5.71981824E8,YES,CERTIFIED,0.1,47983
487548575,SRS_Relative/Waldmann_19/random-57.xml,8321587,ttt2-1.20,29431,ttt2_cert,360056,complete,892.209528367,300.30637002,1.705447424E9,MAYBE,-,-,-
487548576,SRS_Relative/Waldmann_19/random-57.xml,8321587,AProVE,29458,certified,360177,complete,59.010110492,15.6014249325,5.748518912E9,YES,CERTIFIED,0.2,95646
487548617,SRS_Relative/Waldmann_19/random-58.xml,8321608,ttt2-1.20,29431,ttt2_cert,360056,complete,892.191704684,300.369979143,1.598726144E9,MAYBE,-,-,-
487548618,SRS_Relative/Waldmann_19/random-58.xml,8321608,AProVE,29458,certified,360177,complete,8.012803207,2.94804000854,7.88271104E8,YES,CERTIFIED,0.0,8145
487548567,SRS_Relative/Waldmann_19/random-59.xml,8321583,ttt2-1.20,29431,ttt2_cert,360056,complete,891.99399167,300.32288003,1.532489728E9,MAYBE,-,-,-
487548568,SRS_Relative/Waldmann_19/random-59.xml,8321583,AProVE,29458,certified,360177,timeout (cpu),1200.55827524,301.019496918,1.5606439936E10,MAYBE,-,-,-
487548493,SRS_Relative/Waldmann_19/random-60.xml,8321546,ttt2-1.20,29431,ttt2_cert,360056,complete,891.684585845,300.351517916,1.840377856E9,MAYBE,-,-,-
487548494,SRS_Relative/Waldmann_19/random-60.xml,8321546,AProVE,29458,certified,360177,timeout (wallclock),1195.62841581,301.012552977,1.573984256E10,MAYBE,-,-,-
487548553,SRS_Relative/Waldmann_19/random-62.xml,8321576,ttt2-1.20,29431,ttt2_cert,360056,complete,892.231130949,300.314218044,1.752625152E9,MAYBE,-,-,-
487548554,SRS_Relative/Waldmann_19/random-62.xml,8321576,AProVE,29458,certified,360177,timeout (cpu),1200.08998475,301.009940863,1.6003158016E10,MAYBE,-,-,-
487548551,SRS_Relative/Waldmann_19/random-65.xml,8321575,ttt2-1.20,29431,ttt2_cert,360056,complete,12.70506935,3.41939282417,1.543069696E9,YES,CERTIFIED,0.0,16261
487548552,SRS_Relative/Waldmann_19/random-65.xml,8321575,AProVE,29458,certified,360177,complete,4.868885258,1.95027112961,4.08686592E8,YES,CERTIFIED,0.1,37412
487548527,SRS_Relative/Waldmann_19/random-66.xml,8321563,ttt2-1.20,29431,ttt2_cert,360056,complete,7.579621446,2.18828392029,1.143607296E9,YES,CERTIFIED,0.0,19090
487548528,SRS_Relative/Waldmann_19/random-66.xml,8321563,AProVE,29458,certified,360177,complete,11.49947168,3.66856384277,1.310855168E9,YES,CERTIFIED,0.2,85068
487548491,SRS_Relative/Waldmann_19/random-67.xml,8321545,ttt2-1.20,29431,ttt2_cert,360056,complete,891.962218876,300.362437963,1.577689088E9,MAYBE,-,-,-
487548492,SRS_Relative/Waldmann_19/random-67.xml,8321545,AProVE,29458,certified,360177,complete,57.170966786,15.1146450043,5.10476288E9,YES,CERTIFIED,0.0,13788
487548531,SRS_Relative/Waldmann_19/random-68.xml,8321565,ttt2-1.20,29431,ttt2_cert,360056,complete,892.216576018,300.310297012,1.5070208E9,MAYBE,-,-,-
487548532,SRS_Relative/Waldmann_19/random-68.xml,8321565,AProVE,29458,certified,360177,complete,0.40502774,0.308945894241,8.157184E7,MAYBE,-,-,-
487548525,SRS_Relative/Waldmann_19/random-70.xml,8321562,ttt2-1.20,29431,ttt2_cert,360056,complete,9.736453244,2.72700190544,9.9377152E8,YES,CERTIFIED,0.1,24242
487548526,SRS_Relative/Waldmann_19/random-70.xml,8321562,AProVE,29458,certified,360177,complete,7.512476892,2.73931312561,8.84207616E8,YES,CERTIFIED,0.1,45209
487548635,SRS_Relative/Waldmann_19/random-72.xml,8321617,ttt2-1.20,29431,ttt2_cert,360056,complete,891.998064326,300.345199823,1.715048448E9,MAYBE,-,-,-
487548636,SRS_Relative/Waldmann_19/random-72.xml,8321617,AProVE,29458,certified,360177,complete,140.213683052,37.5528018475,6.088572928E9,YES,CERTIFIED,0.2,92689
487548633,SRS_Relative/Waldmann_19/random-75.xml,8321616,ttt2-1.20,29431,ttt2_cert,360056,complete,892.048526308,300.353394985,1.663414272E9,MAYBE,-,-,-
487548634,SRS_Relative/Waldmann_19/random-75.xml,8321616,AProVE,29458,certified,360177,complete,43.300878014,12.1073541641,4.906668032E9,YES,CERTIFIED,0.0,10726
487548455,SRS_Relative/Waldmann_19/random-76.xml,8321527,ttt2-1.20,29431,ttt2_cert,360056,complete,1.242980482,0.583389043808,3.53017856E8,YES,CERTIFIED,0.0,12011
487548456,SRS_Relative/Waldmann_19/random-76.xml,8321527,AProVE,29458,certified,360177,complete,7.70009077,2.78166794777,7.63920384E8,YES,CERTIFIED,0.1,59608
487548521,SRS_Relative/Waldmann_19/random-77.xml,8321560,ttt2-1.20,29431,ttt2_cert,360056,complete,15.049573002,4.02694797516,1.683873792E9,YES,CERTIFIED,0.0,11583
487548522,SRS_Relative/Waldmann_19/random-77.xml,8321560,AProVE,29458,certified,360177,complete,6.575848066,2.43236994743,6.06605312E8,YES,CERTIFIED,0.1,70183
487548459,SRS_Relative/Waldmann_19/random-78.xml,8321529,ttt2-1.20,29431,ttt2_cert,360056,complete,16.668193813,4.47380113602,1.361514496E9,YES,CERTIFIED,0.1,29271
487548460,SRS_Relative/Waldmann_19/random-78.xml,8321529,AProVE,29458,certified,360177,complete,44.367214283,11.9489290714,4.771201024E9,YES,CERTIFIED,0.4,145944
487548513,SRS_Relative/Waldmann_19/random-79.xml,8321556,ttt2-1.20,29431,ttt2_cert,360056,complete,892.188576778,300.307388067,1.62705408E9,MAYBE,-,-,-
487548514,SRS_Relative/Waldmann_19/random-79.xml,8321556,AProVE,29458,certified,360177,complete,57.129023782,15.0903890133,4.85230592E9,YES,CERTIFIED,0.3,149083
487548605,SRS_Relative/Waldmann_19/random-80.xml,8321602,ttt2-1.20,29431,ttt2_cert,360056,complete,1.10990583,0.53697681427,2.59444736E8,YES,CERTIFIED,0.0,12011
487548606,SRS_Relative/Waldmann_19/random-80.xml,8321602,AProVE,29458,certified,360177,complete,4.971539092,1.9996509552,4.31153152E8,YES,CERTIFIED,0.0,5433
487548577,SRS_Relative/Waldmann_19/random-81.xml,8321588,ttt2-1.20,29431,ttt2_cert,360056,complete,13.500518999,3.65814805031,1.583304704E9,YES,CERTIFIED,0.0,14233
487548578,SRS_Relative/Waldmann_19/random-81.xml,8321588,AProVE,29458,certified,360177,complete,151.720311569,38.7466909885,6.329987072E9,YES,CERTIFIED,0.2,85044
487548543,SRS_Relative/Waldmann_19/random-82.xml,8321571,ttt2-1.20,29431,ttt2_cert,360056,complete,892.412213968,300.308414936,1.672204288E9,MAYBE,-,-,-
487548544,SRS_Relative/Waldmann_19/random-82.xml,8321571,AProVE,29458,certified,360177,timeout (cpu),1200.76104065,301.009592056,1.5871655936E10,MAYBE,-,-,-
487548475,SRS_Relative/Waldmann_19/random-84.xml,8321537,ttt2-1.20,29431,ttt2_cert,360056,complete,892.344256504,300.363212109,1.606991872E9,MAYBE,-,-,-
487548476,SRS_Relative/Waldmann_19/random-84.xml,8321537,AProVE,29458,certified,360177,timeout (wallclock),1199.87927164,301.05823493,1.5700631552E10,MAYBE,-,-,-
487548571,SRS_Relative/Waldmann_19/random-86.xml,8321585,ttt2-1.20,29431,ttt2_cert,360056,complete,7.276098161,2.66109895706,1.23230208E9,YES,CERTIFIED,0.0,17478
487548572,SRS_Relative/Waldmann_19/random-86.xml,8321585,AProVE,29458,certified,360177,complete,36.371026255,9.90184903145,4.114051072E9,YES,CERTIFIED,0.0,15621
487548615,SRS_Relative/Waldmann_19/random-89.xml,8321607,ttt2-1.20,29431,ttt2_cert,360056,complete,14.1544297,3.84443807602,1.219657728E9,YES,CERTIFIED,0.1,33246
487548616,SRS_Relative/Waldmann_19/random-89.xml,8321607,AProVE,29458,certified,360177,complete,9.060671467,3.26599383354,1.178845184E9,YES,CERTIFIED,0.0,14540
487548469,SRS_Relative/Waldmann_19/random-92.xml,8321534,ttt2-1.20,29431,ttt2_cert,360056,complete,892.249983071,300.361010075,1.616207872E9,MAYBE,-,-,-
487548470,SRS_Relative/Waldmann_19/random-92.xml,8321534,AProVE,29458,certified,360177,complete,75.73429164,19.7081129551,5.266829312E9,YES,CERTIFIED,0.3,152811
487548505,SRS_Relative/Waldmann_19/random-93.xml,8321552,ttt2-1.20,29431,ttt2_cert,360056,complete,8.884787776,2.50149297714,1.147232256E9,YES,CERTIFIED,0.1,22632
487548506,SRS_Relative/Waldmann_19/random-93.xml,8321552,AProVE,29458,certified,360177,complete,6.346233856,2.3557498455,5.95685376E8,YES,CERTIFIED,0.1,52208
487548473,SRS_Relative/Waldmann_19/random-95.xml,8321536,ttt2-1.20,29431,ttt2_cert,360056,complete,1.329486013,0.62325501442,4.40188928E8,YES,CERTIFIED,0.0,10628
487548474,SRS_Relative/Waldmann_19/random-95.xml,8321536,AProVE,29458,certified,360177,complete,4.70035826,2.08375000954,4.04201472E8,YES,CERTIFIED,0.0,3818
487548645,SRS_Relative/Waldmann_19/random-98.xml,8321622,ttt2-1.20,29431,ttt2_cert,360056,complete,18.938115976,5.58581209183,1.350864896E9,YES,CERTIFIED,0.1,26396
487548646,SRS_Relative/Waldmann_19/random-98.xml,8321622,AProVE,29458,certified,360177,complete,51.780263919,13.9237570763,4.920070144E9,YES,CERTIFIED,0.0,17338
487548591,SRS_Relative/Waldmann_19/random-99.xml,8321595,ttt2-1.20,29431,ttt2_cert,360056,complete,892.164115925,300.312893152,1.830633472E9,MAYBE,-,-,-
487548592,SRS_Relative/Waldmann_19/random-99.xml,8321595,AProVE,29458,certified,360177,timeout (wallclock),1190.71177767,301.009539843,1.6007663616E10,MAYBE,-,-,-
487548679,SRS_Relative/Zantema_06_relative/cars.xml,11771735,ttt2-1.20,29431,ttt2_cert,360056,complete,892.250780763,300.360696077,1.55406336E9,MAYBE,-,-,-
487548680,SRS_Relative/Zantema_06_relative/cars.xml,11771735,AProVE,29458,certified,360177,timeout (wallclock),1198.77747986,301.008157015,1.9385438208E10,MAYBE,-,-,-
487548675,SRS_Relative/Zantema_06_relative/rel01.xml,11771733,ttt2-1.20,29431,ttt2_cert,360056,complete,3.438657752,1.15466713905,7.02390272E8,YES,CERTIFIED,0.0,18314
487548676,SRS_Relative/Zantema_06_relative/rel01.xml,11771733,AProVE,29458,certified,360177,complete,5.806744923,2.40186905861,6.35342848E8,YES,CERTIFIED,0.0,7227
487548655,SRS_Relative/Zantema_06_relative/rel02.xml,11771723,ttt2-1.20,29431,ttt2_cert,360056,complete,889.412281671,300.328073978,1.060827136E9,MAYBE,-,-,-
487548656,SRS_Relative/Zantema_06_relative/rel02.xml,11771723,AProVE,29458,certified,360177,complete,13.183204653,4.07514715195,1.326415872E9,YES,CERTIFIED,0.1,42322
487548663,SRS_Relative/Zantema_06_relative/rel03.xml,11771727,ttt2-1.20,29431,ttt2_cert,360056,complete,888.878974329,300.353485107,1.0669056E9,MAYBE,-,-,-
487548664,SRS_Relative/Zantema_06_relative/rel03.xml,11771727,AProVE,29458,certified,360177,complete,1170.52838627,294.395915031,1.6467693568E10,MAYBE,-,-,-
487548661,SRS_Relative/Zantema_06_relative/rel04.xml,11771726,ttt2-1.20,29431,ttt2_cert,360056,complete,5.032184458,1.52240395546,9.53065472E8,YES,CERTIFIED,0.1,34443
487548662,SRS_Relative/Zantema_06_relative/rel04.xml,11771726,AProVE,29458,certified,360177,complete,13.02552192,4.14760994911,1.510866944E9,YES,CERTIFIED,0.0,15609
487548657,SRS_Relative/Zantema_06_relative/rel05.xml,11771724,ttt2-1.20,29431,ttt2_cert,360056,complete,2.395475673,0.873620033264,5.12380928E8,YES,CERTIFIED,0.1,28023
487548658,SRS_Relative/Zantema_06_relative/rel05.xml,11771724,AProVE,29458,certified,360177,complete,12.640687694,4.03712487221,1.493876736E9,YES,CERTIFIED,0.0,13732
487548673,SRS_Relative/Zantema_06_relative/rel06.xml,11771732,ttt2-1.20,29431,ttt2_cert,360056,complete,889.906153402,300.306601048,8.881152E8,MAYBE,-,-,-
487548674,SRS_Relative/Zantema_06_relative/rel06.xml,11771732,AProVE,29458,certified,360177,complete,29.548804295,8.34638381004,3.351863296E9,YES,CERTIFIED,0.3,126948
487548665,SRS_Relative/Zantema_06_relative/rel07.xml,11771728,ttt2-1.20,29431,ttt2_cert,360056,complete,891.88654135,300.323726892,1.28012288E9,MAYBE,-,-,-
487548666,SRS_Relative/Zantema_06_relative/rel07.xml,11771728,AProVE,29458,certified,360177,complete,1165.25910884,292.790783167,1.810546688E10,MAYBE,-,-,-
487548671,SRS_Relative/Zantema_06_relative/rel08.xml,11771731,ttt2-1.20,29431,ttt2_cert,360056,complete,13.338490896,3.62366485596,1.173168128E9,YES,CERTIFIED,0.1,22944
487548672,SRS_Relative/Zantema_06_relative/rel08.xml,11771731,AProVE,29458,certified,360177,complete,10.65448888,3.45982408524,1.21133056E9,YES,CERTIFIED,0.0,14119
487548667,SRS_Relative/Zantema_06_relative/rel09.xml,11771729,ttt2-1.20,29431,ttt2_cert,360056,complete,8.433342584,2.43309783936,1.196924928E9,YES,CERTIFIED,0.1,26504
487548668,SRS_Relative/Zantema_06_relative/rel09.xml,11771729,AProVE,29458,certified,360177,complete,31.345874248,8.78323602676,3.830362112E9,YES,CERTIFIED,0.0,17975
487548677,SRS_Relative/Zantema_06_relative/rel10.xml,11771734,ttt2-1.20,29431,ttt2_cert,360056,complete,5.091381122,1.53402805328,1.173450752E9,YES,CERTIFIED,0.0,18673
487548678,SRS_Relative/Zantema_06_relative/rel10.xml,11771734,AProVE,29458,certified,360177,complete,27.299471384,11.1173989773,3.365912576E9,YES,CERTIFIED,0.0,10614
487548669,SRS_Relative/Zantema_06_relative/rel11.xml,11771730,ttt2-1.20,29431,ttt2_cert,360056,complete,892.030578903,300.337073088,1.285144576E9,MAYBE,-,-,-
487548670,SRS_Relative/Zantema_06_relative/rel11.xml,11771730,AProVE,29458,certified,360177,complete,1193.64984145,299.534841061,1.7283821568E10,MAYBE,-,-,-
487548659,SRS_Relative/Zantema_06_relative/rel12.xml,11771725,ttt2-1.20,29431,ttt2_cert,360056,complete,891.849826391,300.353345871,1.249193984E9,MAYBE,-,-,-
487548660,SRS_Relative/Zantema_06_relative/rel12.xml,11771725,AProVE,29458,certified,360177,complete,1164.69233642,293.252875805,1.6390873088E10,MAYBE,-,-,-
487548653,SRS_Relative/Zantema_06_relative/rel13.xml,11771722,ttt2-1.20,29431,ttt2_cert,360056,complete,10.081032648,2.7680439949,1.112477696E9,YES,CERTIFIED,0.1,41276
487548654,SRS_Relative/Zantema_06_relative/rel13.xml,11771722,AProVE,29458,certified,360177,complete,8.293408427,2.9296400547,9.2971008E8,YES,CERTIFIED,0.0,15996
487548973,SRS_Relative/ICFP_2010_relative/107220.xml,11771882,ttt2-1.20,29431,ttt2_cert,360056,timeout (wallclock),893.154745648,301.009786129,2.063495168E9,MAYBE,-,-,-
487548974,SRS_Relative/ICFP_2010_relative/107220.xml,11771882,AProVE,29458,certified,360177,timeout (wallclock),592.760062253,301.007879972,1.5443337216E10,MAYBE,-,-,-
487548927,SRS_Relative/ICFP_2010_relative/107236.xml,11771859,ttt2-1.20,29431,ttt2_cert,360056,timeout (wallclock),893.073878007,301.040508986,2.0596736E9,MAYBE,-,-,-
487548928,SRS_Relative/ICFP_2010_relative/107236.xml,11771859,AProVE,29458,certified,360177,timeout (wallclock),620.477174506,301.021914959,1.5526965248E10,MAYBE,-,-,-
487548823,SRS_Relative/ICFP_2010_relative/123759.xml,11771807,ttt2-1.20,29431,ttt2_cert,360056,complete,892.991360464,301.033537865,6.28273152E9,MAYBE,-,-,-
487548824,SRS_Relative/ICFP_2010_relative/123759.xml,11771807,AProVE,29458,certified,360177,timeout (wallclock),936.98647581,301.07167697,1.6325390336E10,MAYBE,-,-,-
487548759,SRS_Relative/ICFP_2010_relative/124211.xml,11771775,ttt2-1.20,29431,ttt2_cert,360056,complete,892.43835297,300.967267036,3.817107456E9,MAYBE,-,-,-
487548760,SRS_Relative/ICFP_2010_relative/124211.xml,11771775,AProVE,29458,certified,360177,timeout (wallclock),937.924881326,301.042450905,1.598687232E10,MAYBE,-,-,-
487548951,SRS_Relative/ICFP_2010_relative/124269.xml,11771871,ttt2-1.20,29431,ttt2_cert,360056,complete,893.013273628,301.000519991,6.164361216E9,MAYBE,-,-,-
487548952,SRS_Relative/ICFP_2010_relative/124269.xml,11771871,AProVE,29458,certified,360177,timeout (wallclock),920.321615507,301.037865877,1.5505231872E10,MAYBE,-,-,-
487548915,SRS_Relative/ICFP_2010_relative/124791.xml,11771853,ttt2-1.20,29431,ttt2_cert,360056,complete,892.912524316,301.008488894,3.276058624E9,MAYBE,-,-,-
487548916,SRS_Relative/ICFP_2010_relative/124791.xml,11771853,AProVE,29458,certified,360177,complete,949.441302641,297.160739899,1.5572156416E10,MAYBE,-,-,-
487548963,SRS_Relative/ICFP_2010_relative/127538.xml,11771877,ttt2-1.20,29431,ttt2_cert,360056,timeout (wallclock),892.729601837,301.081577063,2.081251328E9,MAYBE,-,-,-
487548964,SRS_Relative/ICFP_2010_relative/127538.xml,11771877,AProVE,29458,certified,360177,complete,60.713381349,17.0411779881,5.798084608E9,YES,CERTIFIED,8.9,4499950
487548919,SRS_Relative/ICFP_2010_relative/128056.xml,11771855,ttt2-1.20,29431,ttt2_cert,360056,timeout (wallclock),892.850691378,301.047730923,2.110844928E9,MAYBE,-,-,-
487548920,SRS_Relative/ICFP_2010_relative/128056.xml,11771855,AProVE,29458,certified,360177,timeout (wallclock),794.483380248,301.038805008,1.662420992E10,MAYBE,-,-,-
487548715,SRS_Relative/ICFP_2010_relative/128182.xml,11771753,ttt2-1.20,29431,ttt2_cert,360056,timeout (wallclock),892.822890291,301.098769903,2.086912E9,MAYBE,-,-,-
487548716,SRS_Relative/ICFP_2010_relative/128182.xml,11771753,AProVE,29458,certified,360177,complete,40.62603021,11.2496430874,5.090156544E9,YES,CERTIFIED,4.3,2117940
487548989,SRS_Relative/ICFP_2010_relative/128280.xml,11771890,ttt2-1.20,29431,ttt2_cert,360056,timeout (wallclock),893.28261408,301.013862133,2.083782656E9,MAYBE,-,-,-
487548990,SRS_Relative/ICFP_2010_relative/128280.xml,11771890,AProVE,29458,certified,360177,complete,70.334045359,18.9303171635,5.937610752E9,YES,CERTIFIED,4.7,2335675
487548917,SRS_Relative/ICFP_2010_relative/128430.xml,11771854,ttt2-1.20,29431,ttt2_cert,360056,timeout (wallclock),892.814320918,301.048338175,2.087387136E9,MAYBE,-,-,-
487548918,SRS_Relative/ICFP_2010_relative/128430.xml,11771854,AProVE,29458,certified,360177,complete,55.433616477,15.1019368172,5.636550656E9,YES,CERTIFIED,5.6,2676618
487548829,SRS_Relative/ICFP_2010_relative/128486.xml,11771810,ttt2-1.20,29431,ttt2_cert,360056,timeout (wallclock),892.969238166,301.04990387,2.080968704E9,MAYBE,-,-,-
487548830,SRS_Relative/ICFP_2010_relative/128486.xml,11771810,AProVE,29458,certified,360177,complete,41.181477445,11.5810480118,5.046059008E9,YES,CERTIFIED,5.1,2429074
487548965,SRS_Relative/ICFP_2010_relative/128515.xml,11771878,ttt2-1.20,29431,ttt2_cert,360056,timeout (wallclock),893.067514407,301.011482954,2.082963456E9,MAYBE,-,-,-
487548966,SRS_Relative/ICFP_2010_relative/128515.xml,11771878,AProVE,29458,certified,360177,complete,72.258683638,21.4796280861,5.625659392E9,YES,CERTIFIED,6.1,2955511
487548797,SRS_Relative/ICFP_2010_relative/128550.xml,11771794,ttt2-1.20,29431,ttt2_cert,360056,timeout (wallclock),892.918771942,301.040338993,2.072363008E9,MAYBE,-,-,-
487548798,SRS_Relative/ICFP_2010_relative/128550.xml,11771794,AProVE,29458,certified,360177,complete,55.82077119,16.0246019363,5.07521024E9,YES,CERTIFIED,8.3,4043261
487548889,SRS_Relative/ICFP_2010_relative/128620.xml,11771840,ttt2-1.20,29431,ttt2_cert,360056,timeout (wallclock),893.03336286,301.038820982,2.249510912E9,MAYBE,-,-,-
487548890,SRS_Relative/ICFP_2010_relative/128620.xml,11771840,AProVE,29458,certified,360177,complete,54.986870608,15.035834074,5.527793664E9,YES,CERTIFIED,5.3,2517105
487548791,SRS_Relative/ICFP_2010_relative/128691.xml,11771791,ttt2-1.20,29431,ttt2_cert,360056,timeout (wallclock),891.886666833,301.014386177,2.066014208E9,MAYBE,-,-,-
487548792,SRS_Relative/ICFP_2010_relative/128691.xml,11771791,AProVE,29458,certified,360177,complete,61.402759057,16.6195230484,5.438926848E9,YES,CERTIFIED,5.9,2823952
487548755,SRS_Relative/ICFP_2010_relative/131633.xml,11771773,ttt2-1.20,29431,ttt2_cert,360056,complete,893.04453703,301.059737921,4.183760896E9,MAYBE,-,-,-
487548756,SRS_Relative/ICFP_2010_relative/131633.xml,11771773,AProVE,29458,certified,360177,timeout (wallclock),995.460791061,301.070068121,1.58329856E10,MAYBE,-,-,-
487548863,SRS_Relative/ICFP_2010_relative/131982.xml,11771827,ttt2-1.20,29431,ttt2_cert,360056,complete,893.121308513,301.023273945,6.166867968E9,MAYBE,-,-,-
487548864,SRS_Relative/ICFP_2010_relative/131982.xml,11771827,AProVE,29458,certified,360177,complete,957.334764475,295.500172138,1.5534649344E10,MAYBE,-,-,-
487548695,SRS_Relative/ICFP_2010_relative/132235.xml,11771743,ttt2-1.20,29431,ttt2_cert,360056,complete,892.703183055,301.02828908,4.893851648E9,MAYBE,-,-,-
487548696,SRS_Relative/ICFP_2010_relative/132235.xml,11771743,AProVE,29458,certified,360177,timeout (wallclock),856.229837328,301.052886009,1.6018448384E10,MAYBE,-,-,-
487548719,SRS_Relative/ICFP_2010_relative/132478.xml,11771755,ttt2-1.20,29431,ttt2_cert,360056,timeout (wallclock),892.337488495,301.284962893,2.162835456E9,MAYBE,-,-,-
487548720,SRS_Relative/ICFP_2010_relative/132478.xml,11771755,AProVE,29458,certified,360177,complete,63.718099155,17.2499442101,5.338624E9,YES,CERTIFIED,6.4,3068279
487548971,SRS_Relative/ICFP_2010_relative/132540.xml,11771881,ttt2-1.20,29431,ttt2_cert,360056,timeout (wallclock),892.363189787,301.04934597,2.075537408E9,MAYBE,-,-,-
487548972,SRS_Relative/ICFP_2010_relative/132540.xml,11771881,AProVE,29458,certified,360177,complete,43.370492143,12.181732893,5.261336576E9,YES,CERTIFIED,6.3,3029604
487548981,SRS_Relative/ICFP_2010_relative/132622.xml,11771886,ttt2-1.20,29431,ttt2_cert,360056,timeout (wallclock),893.078038391,301.047956944,2.083540992E9,MAYBE,-,-,-
487548982,SRS_Relative/ICFP_2010_relative/132622.xml,11771886,AProVE,29458,certified,360177,complete,50.376285735,13.8272480965,5.266497536E9,YES,CERTIFIED,5.7,2758316
487548825,SRS_Relative/ICFP_2010_relative/132720.xml,11771808,ttt2-1.20,29431,ttt2_cert,360056,timeout (wallclock),893.022489119,301.058343887,2.164895744E9,MAYBE,-,-,-
487548826,SRS_Relative/ICFP_2010_relative/132720.xml,11771808,AProVE,29458,certified,360177,complete,60.033566429,16.3597559929,5.659713536E9,YES,CERTIFIED,6.1,2928681
487548805,SRS_Relative/ICFP_2010_relative/132738.xml,11771798,ttt2-1.20,29431,ttt2_cert,360056,timeout (wallclock),892.886692554,301.018780231,2.194845696E9,MAYBE,-,-,-
487548806,SRS_Relative/ICFP_2010_relative/132738.xml,11771798,AProVE,29458,certified,360177,complete,38.939208039,10.9166719913,5.151633408E9,YES,CERTIFIED,5.0,2451652
487548737,SRS_Relative/ICFP_2010_relative/132782.xml,11771764,ttt2-1.20,29431,ttt2_cert,360056,timeout (wallclock),892.866852555,301.042998075,2.109886464E9,MAYBE,-,-,-
487548738,SRS_Relative/ICFP_2010_relative/132782.xml,11771764,AProVE,29458,certified,360177,complete,50.02230142,13.8111951351,5.118005248E9,YES,CERTIFIED,6.0,2923097
487548871,SRS_Relative/ICFP_2010_relative/132833.xml,11771831,ttt2-1.20,29431,ttt2_cert,360056,timeout (wallclock),893.007817497,301.02241683,2.186522624E9,MAYBE,-,-,-
487548872,SRS_Relative/ICFP_2010_relative/132833.xml,11771831,AProVE,29458,certified,360177,complete,66.087851109,17.7987949848,5.642387456E9,YES,CERTIFIED,6.0,2876677
487548993,SRS_Relative/ICFP_2010_relative/132864.xml,11771892,ttt2-1.20,29431,ttt2_cert,360056,timeout (wallclock),893.197577141,301.045896053,2.181799936E9,MAYBE,-,-,-
487548994,SRS_Relative/ICFP_2010_relative/132864.xml,11771892,AProVE,29458,certified,360177,complete,53.009002094,14.5854680538,5.392625664E9,YES,CERTIFIED,6.1,2826885
487548723,SRS_Relative/ICFP_2010_relative/132920.xml,11771757,ttt2-1.20,29431,ttt2_cert,360056,timeout (wallclock),892.829160191,301.064990044,2.184278016E9,MAYBE,-,-,-
487548724,SRS_Relative/ICFP_2010_relative/132920.xml,11771757,AProVE,29458,certified,360177,complete,47.902543722,13.7932789326,5.559390208E9,YES,CERTIFIED,4.3,2127022
487548883,SRS_Relative/ICFP_2010_relative/132957.xml,11771837,ttt2-1.20,29431,ttt2_cert,360056,timeout (wallclock),892.847860262,301.023482084,2.163662848E9,MAYBE,-,-,-
487548884,SRS_Relative/ICFP_2010_relative/132957.xml,11771837,AProVE,29458,certified,360177,complete,46.668347293,12.9732329845,5.354364928E9,YES,CERTIFIED,7.5,3741993
487548747,SRS_Relative/ICFP_2010_relative/132969.xml,11771769,ttt2-1.20,29431,ttt2_cert,360056,complete,893.109781762,301.026080132,4.672847872E9,MAYBE,-,-,-
487548748,SRS_Relative/ICFP_2010_relative/132969.xml,11771769,AProVE,29458,certified,360177,timeout (wallclock),974.305979414,301.007989883,1.565151232E10,MAYBE,-,-,-
487548977,SRS_Relative/ICFP_2010_relative/133010.xml,11771884,ttt2-1.20,29431,ttt2_cert,360056,timeout (wallclock),892.845346125,301.019405842,3.029037056E9,MAYBE,-,-,-
487548978,SRS_Relative/ICFP_2010_relative/133010.xml,11771884,AProVE,29458,certified,360177,complete,44.651391269,12.4984910488,5.478408192E9,YES,CERTIFIED,7.8,3897242
487548929,SRS_Relative/ICFP_2010_relative/133159.xml,11771860,ttt2-1.20,29431,ttt2_cert,360056,complete,892.861485771,300.969573975,4.958404608E9,MAYBE,-,-,-
487548930,SRS_Relative/ICFP_2010_relative/133159.xml,11771860,AProVE,29458,certified,360177,timeout (wallclock),955.574297185,301.008078814,1.6243519488E10,MAYBE,-,-,-
487548837,SRS_Relative/ICFP_2010_relative/133486.xml,11771814,ttt2-1.20,29431,ttt2_cert,360056,complete,892.977388723,300.974452019,6.686793728E9,MAYBE,-,-,-
487548838,SRS_Relative/ICFP_2010_relative/133486.xml,11771814,AProVE,29458,certified,360177,timeout (wallclock),935.392214525,301.053114176,1.59925248E10,MAYBE,-,-,-
487548827,SRS_Relative/ICFP_2010_relative/133881.xml,11771809,ttt2-1.20,29431,ttt2_cert,360056,complete,893.196698584,301.032693863,5.399568384E9,MAYBE,-,-,-
487548828,SRS_Relative/ICFP_2010_relative/133881.xml,11771809,AProVE,29458,certified,360177,timeout (wallclock),966.92384057,301.059589863,1.553260544E10,MAYBE,-,-,-
487548909,SRS_Relative/ICFP_2010_relative/134918.xml,11771850,ttt2-1.20,29431,ttt2_cert,360056,complete,893.094537951,300.981963873,5.477203968E9,MAYBE,-,-,-
487548910,SRS_Relative/ICFP_2010_relative/134918.xml,11771850,AProVE,29458,certified,360177,timeout (wallclock),977.45080344,301.007530928,1.5717490688E10,MAYBE,-,-,-
487548683,SRS_Relative/ICFP_2010_relative/135115.xml,11771737,ttt2-1.20,29431,ttt2_cert,360056,complete,893.043011876,301.047801018,5.332922368E9,MAYBE,-,-,-
487548684,SRS_Relative/ICFP_2010_relative/135115.xml,11771737,AProVE,29458,certified,360177,timeout (wallclock),939.638942015,301.043321133,1.5448920064E10,MAYBE,-,-,-
487548693,SRS_Relative/ICFP_2010_relative/135328.xml,11771742,ttt2-1.20,29431,ttt2_cert,360056,complete,893.084055982,301.011276007,6.668980224E9,MAYBE,-,-,-
487548694,SRS_Relative/ICFP_2010_relative/135328.xml,11771742,AProVE,29458,certified,360177,timeout (wallclock),795.414158188,301.058061838,1.5866871808E10,MAYBE,-,-,-
487548943,SRS_Relative/ICFP_2010_relative/135604.xml,11771867,ttt2-1.20,29431,ttt2_cert,360056,complete,892.885431971,301.015578985,3.392159744E9,MAYBE,-,-,-
487548944,SRS_Relative/ICFP_2010_relative/135604.xml,11771867,AProVE,29458,certified,360177,timeout (wallclock),1003.16244003,301.007755995,1.6728674304E10,MAYBE,-,-,-
487548991,SRS_Relative/ICFP_2010_relative/135652.xml,11771891,ttt2-1.20,29431,ttt2_cert,360056,complete,892.996071383,300.968936205,4.306497536E9,MAYBE,-,-,-
487548992,SRS_Relative/ICFP_2010_relative/135652.xml,11771891,AProVE,29458,certified,360177,timeout (wallclock),870.499976172,301.007574081,1.5351033856E10,MAYBE,-,-,-
487548855,SRS_Relative/ICFP_2010_relative/135782.xml,11771823,ttt2-1.20,29431,ttt2_cert,360056,complete,893.134063673,301.021355867,6.011506688E9,MAYBE,-,-,-
487548856,SRS_Relative/ICFP_2010_relative/135782.xml,11771823,AProVE,29458,certified,360177,timeout (wallclock),916.495896924,301.037679911,1.5551619072E10,MAYBE,-,-,-
487548893,SRS_Relative/ICFP_2010_relative/135936.xml,11771842,ttt2-1.20,29431,ttt2_cert,360056,complete,893.069437682,301.026812077,4.351705088E9,MAYBE,-,-,-
487548894,SRS_Relative/ICFP_2010_relative/135936.xml,11771842,AProVE,29458,certified,360177,timeout (wallclock),868.160519138,301.036446095,1.5823695872E10,MAYBE,-,-,-
487548727,SRS_Relative/ICFP_2010_relative/136051.xml,11771759,ttt2-1.20,29431,ttt2_cert,360056,complete,892.936555987,300.988568068,6.20220416E9,MAYBE,-,-,-
487548728,SRS_Relative/ICFP_2010_relative/136051.xml,11771759,AProVE,29458,certified,360177,complete,909.748809022,295.96926403,1.6271781888E10,MAYBE,-,-,-
487548921,SRS_Relative/ICFP_2010_relative/136562.xml,11771856,ttt2-1.20,29431,ttt2_cert,360056,complete,893.105782726,301.023144007,6.820401152E9,MAYBE,-,-,-
487548922,SRS_Relative/ICFP_2010_relative/136562.xml,11771856,AProVE,29458,certified,360177,timeout (wallclock),966.268503917,301.009075165,1.5653126144E10,MAYBE,-,-,-
487548969,SRS_Relative/ICFP_2010_relative/136623.xml,11771880,ttt2-1.20,29431,ttt2_cert,360056,complete,892.90473348,300.992427826,3.333566464E9,MAYBE,-,-,-
487548970,SRS_Relative/ICFP_2010_relative/136623.xml,11771880,AProVE,29458,certified,360177,timeout (wallclock),908.490865412,301.060281038,1.5698059264E10,MAYBE,-,-,-
487548905,SRS_Relative/ICFP_2010_relative/137404.xml,11771848,ttt2-1.20,29431,ttt2_cert,360056,timeout (wallclock),892.062451937,301.008552074,3.297910784E9,MAYBE,-,-,-
487548906,SRS_Relative/ICFP_2010_relative/137404.xml,11771848,AProVE,29458,certified,360177,timeout (wallclock),1031.88382355,301.008368015,1.6417497088E10,MAYBE,-,-,-
487548809,SRS_Relative/ICFP_2010_relative/137809.xml,11771800,ttt2-1.20,29431,ttt2_cert,360056,complete,892.890732358,300.998239994,4.238319616E9,MAYBE,-,-,-
487548810,SRS_Relative/ICFP_2010_relative/137809.xml,11771800,AProVE,29458,certified,360177,complete,578.569472091,156.323718071,1.5927144448E10,YES,CERTIFIED,4.1,1713821
487548849,SRS_Relative/ICFP_2010_relative/138194.xml,11771820,ttt2-1.20,29431,ttt2_cert,360056,complete,893.002564847,300.982661009,6.253924352E9,MAYBE,-,-,-
487548850,SRS_Relative/ICFP_2010_relative/138194.xml,11771820,AProVE,29458,certified,360177,timeout (wallclock),968.315791592,301.021587849,1.6362213376E10,MAYBE,-,-,-
487548833,SRS_Relative/ICFP_2010_relative/138269.xml,11771812,ttt2-1.20,29431,ttt2_cert,360056,complete,891.976399225,300.980256081,5.998923776E9,MAYBE,-,-,-
487548834,SRS_Relative/ICFP_2010_relative/138269.xml,11771812,AProVE,29458,certified,360177,timeout (wallclock),989.40641852,301.028296947,1.6205348864E10,MAYBE,-,-,-
487548741,SRS_Relative/ICFP_2010_relative/138330.xml,11771766,ttt2-1.20,29431,ttt2_cert,360056,complete,892.631814441,301.010284901,6.501052416E9,MAYBE,-,-,-
487548742,SRS_Relative/ICFP_2010_relative/138330.xml,11771766,AProVE,29458,certified,360177,timeout (wallclock),890.47355108,301.043425083,1.5948173312E10,MAYBE,-,-,-
487548933,SRS_Relative/ICFP_2010_relative/138477.xml,11771862,ttt2-1.20,29431,ttt2_cert,360056,complete,892.943789625,301.012120008,6.010363904E9,MAYBE,-,-,-
487548934,SRS_Relative/ICFP_2010_relative/138477.xml,11771862,AProVE,29458,certified,360177,timeout (wallclock),951.699908469,301.00961709,1.5888449536E10,MAYBE,-,-,-
487548999,SRS_Relative/ICFP_2010_relative/138993.xml,11771895,ttt2-1.20,29431,ttt2_cert,360056,timeout (wallclock),892.763428837,301.062310934,2.161147904E9,MAYBE,-,-,-
487549000,SRS_Relative/ICFP_2010_relative/138993.xml,11771895,AProVE,29458,certified,360177,complete,40.964936007,11.549131155,5.11762432E9,YES,CERTIFIED,6.2,2991020
487548931,SRS_Relative/ICFP_2010_relative/139004.xml,11771861,ttt2-1.20,29431,ttt2_cert,360056,timeout (wallclock),893.018278786,301.039335012,2.112299008E9,MAYBE,-,-,-
487548932,SRS_Relative/ICFP_2010_relative/139004.xml,11771861,AProVE,29458,certified,360177,complete,53.950580659,15.815789938,5.424951296E9,YES,CERTIFIED,8.5,4117393
487548705,SRS_Relative/ICFP_2010_relative/139018.xml,11771748,ttt2-1.20,29431,ttt2_cert,360056,timeout (wallclock),892.964351761,301.021960974,2.178322432E9,MAYBE,-,-,-
487548706,SRS_Relative/ICFP_2010_relative/139018.xml,11771748,AProVE,29458,certified,360177,complete,76.720702403,20.5445230007,5.901262848E9,YES,CERTIFIED,6.2,2997116
487548801,SRS_Relative/ICFP_2010_relative/139025.xml,11771796,ttt2-1.20,29431,ttt2_cert,360056,timeout (wallclock),891.605571413,301.084407806,2.105290752E9,MAYBE,-,-,-
487548802,SRS_Relative/ICFP_2010_relative/139025.xml,11771796,AProVE,29458,certified,360177,complete,42.541194451,11.8036520481,5.230051328E9,YES,CERTIFIED,5.6,2650590
487548947,SRS_Relative/ICFP_2010_relative/139036.xml,11771869,ttt2-1.20,29431,ttt2_cert,360056,timeout (wallclock),892.843119524,301.010937214,2.08457728E9,MAYBE,-,-,-
487548948,SRS_Relative/ICFP_2010_relative/139036.xml,11771869,AProVE,29458,certified,360177,complete,48.737968219,13.3280911446,5.483565056E9,YES,CERTIFIED,7.2,3578268
487548691,SRS_Relative/ICFP_2010_relative/139100.xml,11771741,ttt2-1.20,29431,ttt2_cert,360056,timeout (wallclock),892.763187993,301.064040899,2.088640512E9,MAYBE,-,-,-
487548692,SRS_Relative/ICFP_2010_relative/139100.xml,11771741,AProVE,29458,certified,360177,complete,52.697752544,14.6062040329,5.634486272E9,YES,CERTIFIED,8.4,4195004
487548775,SRS_Relative/ICFP_2010_relative/139163.xml,11771783,ttt2-1.20,29431,ttt2_cert,360056,timeout (wallclock),892.904784465,301.085333109,3.343835136E9,MAYBE,-,-,-
487548776,SRS_Relative/ICFP_2010_relative/139163.xml,11771783,AProVE,29458,certified,360177,complete,70.869488204,23.8927388191,5.743624192E9,YES,CERTIFIED,12.7,6316578
487548957,SRS_Relative/ICFP_2010_relative/139167.xml,11771874,ttt2-1.20,29431,ttt2_cert,360056,timeout (wallclock),893.014666993,301.07307291,2.18062848E9,MAYBE,-,-,-
487548958,SRS_Relative/ICFP_2010_relative/139167.xml,11771874,AProVE,29458,certified,360177,complete,61.11121027,16.4491579533,5.3236736E9,YES,CERTIFIED,7.1,3383029
487548811,SRS_Relative/ICFP_2010_relative/139174.xml,11771801,ttt2-1.20,29431,ttt2_cert,360056,timeout (wallclock),892.937033339,301.126452923,2.177277952E9,MAYBE,-,-,-
487548812,SRS_Relative/ICFP_2010_relative/139174.xml,11771801,AProVE,29458,certified,360177,complete,42.144581526,11.725014925,5.126516736E9,YES,CERTIFIED,6.2,2953690
487548717,SRS_Relative/ICFP_2010_relative/139180.xml,11771754,ttt2-1.20,29431,ttt2_cert,360056,timeout (wallclock),892.327513888,301.107922792,2.04920832E9,MAYBE,-,-,-
487548718,SRS_Relative/ICFP_2010_relative/139180.xml,11771754,AProVE,29458,certified,360177,complete,80.918016471,21.6101200581,5.94509824E9,YES,CERTIFIED,9.4,4756150
487548885,SRS_Relative/ICFP_2010_relative/139185.xml,11771838,ttt2-1.20,29431,ttt2_cert,360056,timeout (wallclock),892.960495887,301.059216976,2.073726976E9,MAYBE,-,-,-
487548886,SRS_Relative/ICFP_2010_relative/139185.xml,11771838,AProVE,29458,certified,360177,complete,48.417430293,14.1802539825,5.598470144E9,YES,CERTIFIED,6.3,2879134
487548785,SRS_Relative/ICFP_2010_relative/139190.xml,11771788,ttt2-1.20,29431,ttt2_cert,360056,timeout (wallclock),892.958782378,301.017719984,2.089291776E9,MAYBE,-,-,-
487548786,SRS_Relative/ICFP_2010_relative/139190.xml,11771788,AProVE,29458,certified,360177,complete,49.200704512,15.079144001,5.540470784E9,YES,CERTIFIED,4.3,2102429
487548967,SRS_Relative/ICFP_2010_relative/139214.xml,11771879,ttt2-1.20,29431,ttt2_cert,360056,timeout (wallclock),892.933539729,301.011771917,2.085842944E9,MAYBE,-,-,-
487548968,SRS_Relative/ICFP_2010_relative/139214.xml,11771879,AProVE,29458,certified,360177,complete,50.719088659,13.9150829315,5.55364352E9,YES,CERTIFIED,5.8,2804321
487548877,SRS_Relative/ICFP_2010_relative/139236.xml,11771834,ttt2-1.20,29431,ttt2_cert,360056,timeout (wallclock),892.384734022,301.021465063,2.123759616E9,MAYBE,-,-,-
487548878,SRS_Relative/ICFP_2010_relative/139236.xml,11771834,AProVE,29458,certified,360177,complete,50.674560919,13.7922279835,5.395890176E9,YES,CERTIFIED,6.1,2940891
487548783,SRS_Relative/ICFP_2010_relative/139256.xml,11771787,ttt2-1.20,29431,ttt2_cert,360056,timeout (wallclock),892.899086454,301.054090023,2.701602816E9,MAYBE,-,-,-
487548784,SRS_Relative/ICFP_2010_relative/139256.xml,11771787,AProVE,29458,certified,360177,complete,74.729101355,19.9417312145,5.672706048E9,YES,CERTIFIED,8.8,4406112
487548983,SRS_Relative/ICFP_2010_relative/139282.xml,11771887,ttt2-1.20,29431,ttt2_cert,360056,timeout (wallclock),893.115512231,301.012109995,2.179190784E9,MAYBE,-,-,-
487548984,SRS_Relative/ICFP_2010_relative/139282.xml,11771887,AProVE,29458,certified,360177,complete,49.078204906,13.4741749763,5.569462272E9,YES,CERTIFIED,6.3,3091172
487548721,SRS_Relative/ICFP_2010_relative/139310.xml,11771756,ttt2-1.20,29431,ttt2_cert,360056,timeout (wallclock),892.850169402,301.058294058,2.221658112E9,MAYBE,-,-,-
487548722,SRS_Relative/ICFP_2010_relative/139310.xml,11771756,AProVE,29458,certified,360177,complete,100.07167044,26.3978238106,5.793792E9,YES,CERTIFIED,6.5,3193594
487548901,SRS_Relative/ICFP_2010_relative/139378.xml,11771846,ttt2-1.20,29431,ttt2_cert,360056,timeout (wallclock),893.128302219,301.043553114,2.09006592E9,MAYBE,-,-,-
487548902,SRS_Relative/ICFP_2010_relative/139378.xml,11771846,AProVE,29458,certified,360177,complete,49.867917292,13.723952055,5.276151808E9,YES,CERTIFIED,6.7,3293010
487548903,SRS_Relative/ICFP_2010_relative/140287.xml,11771847,ttt2-1.20,29431,ttt2_cert,360056,timeout (wallclock),892.985500922,301.070999861,2.095579136E9,MAYBE,-,-,-
487548904,SRS_Relative/ICFP_2010_relative/140287.xml,11771847,AProVE,29458,certified,360177,timeout (wallclock),877.524256628,301.036923885,1.5711936512E10,MAYBE,-,-,-
487548881,SRS_Relative/ICFP_2010_relative/140318.xml,11771836,ttt2-1.20,29431,ttt2_cert,360056,timeout (wallclock),893.072978138,301.044981956,2.097115136E9,MAYBE,-,-,-
487548882,SRS_Relative/ICFP_2010_relative/140318.xml,11771836,AProVE,29458,certified,360177,complete,47.899253856,13.2355189323,5.620252672E9,YES,CERTIFIED,5.3,2506659
487548955,SRS_Relative/ICFP_2010_relative/140359.xml,11771873,ttt2-1.20,29431,ttt2_cert,360056,timeout (wallclock),893.071756449,301.056640863,2.6805248E9,MAYBE,-,-,-
487548956,SRS_Relative/ICFP_2010_relative/140359.xml,11771873,AProVE,29458,certified,360177,complete,46.553717145,12.9735789299,5.509459968E9,YES,CERTIFIED,5.5,2642894
487548975,SRS_Relative/ICFP_2010_relative/140631.xml,11771883,ttt2-1.20,29431,ttt2_cert,360056,complete,892.867269113,300.888517141,2.210680832E9,MAYBE,-,-,-
487548976,SRS_Relative/ICFP_2010_relative/140631.xml,11771883,AProVE,29458,certified,360177,timeout (wallclock),742.853709665,301.025979996,1.687076864E10,MAYBE,-,-,-
487548895,SRS_Relative/ICFP_2010_relative/140639.xml,11771843,ttt2-1.20,29431,ttt2_cert,360056,complete,892.607848974,300.92464304,1.9494912E9,MAYBE,-,-,-
487548896,SRS_Relative/ICFP_2010_relative/140639.xml,11771843,AProVE,29458,certified,360177,timeout (wallclock),719.750891452,301.048548937,1.6941084672E10,MAYBE,-,-,-
487548699,SRS_Relative/ICFP_2010_relative/140649.xml,11771745,ttt2-1.20,29431,ttt2_cert,360056,complete,892.672377092,300.970264912,2.49085952E9,MAYBE,-,-,-
487548700,SRS_Relative/ICFP_2010_relative/140649.xml,11771745,AProVE,29458,certified,360177,timeout (wallclock),652.578895873,301.037949085,1.6846917632E10,MAYBE,-,-,-
487548887,SRS_Relative/ICFP_2010_relative/140654.xml,11771839,ttt2-1.20,29431,ttt2_cert,360056,complete,892.836709993,300.948577166,2.080526336E9,MAYBE,-,-,-
487548888,SRS_Relative/ICFP_2010_relative/140654.xml,11771839,AProVE,29458,certified,360177,timeout (wallclock),686.449845469,301.008035898,1.666996224E10,MAYBE,-,-,-
487548839,SRS_Relative/ICFP_2010_relative/140659.xml,11771815,ttt2-1.20,29431,ttt2_cert,360056,complete,892.884152984,300.937610865,2.048663552E9,MAYBE,-,-,-
487548840,SRS_Relative/ICFP_2010_relative/140659.xml,11771815,AProVE,29458,certified,360177,timeout (wallclock),709.703416001,301.071515083,1.6852570112E10,MAYBE,-,-,-
487548771,SRS_Relative/ICFP_2010_relative/140664.xml,11771781,ttt2-1.20,29431,ttt2_cert,360056,complete,892.845309695,300.906280041,2.050699264E9,MAYBE,-,-,-
487548772,SRS_Relative/ICFP_2010_relative/140664.xml,11771781,AProVE,29458,certified,360177,timeout (wallclock),616.491097297,301.062393188,1.627990016E10,MAYBE,-,-,-
487548835,SRS_Relative/ICFP_2010_relative/142142.xml,11771813,ttt2-1.20,29431,ttt2_cert,360056,complete,893.013087673,300.892218828,2.075328512E9,MAYBE,-,-,-
487548836,SRS_Relative/ICFP_2010_relative/142142.xml,11771813,AProVE,29458,certified,360177,timeout (wallclock),710.818502941,301.008410931,1.719384064E10,MAYBE,-,-,-
487548873,SRS_Relative/ICFP_2010_relative/142146.xml,11771832,ttt2-1.20,29431,ttt2_cert,360056,complete,892.735627189,300.923352003,2.17690112E9,MAYBE,-,-,-
487548874,SRS_Relative/ICFP_2010_relative/142146.xml,11771832,AProVE,29458,certified,360177,complete,58.661652652,23.8680648804,5.924040704E9,YES,CERTIFIED,4.1,2037948
487548911,SRS_Relative/ICFP_2010_relative/142150.xml,11771851,ttt2-1.20,29431,ttt2_cert,360056,complete,892.320839262,300.941368103,2.275721216E9,MAYBE,-,-,-
487548912,SRS_Relative/ICFP_2010_relative/142150.xml,11771851,AProVE,29458,certified,360177,timeout (wallclock),697.328842256,301.052696943,1.6588296192E10,MAYBE,-,-,-
487548907,SRS_Relative/ICFP_2010_relative/142157.xml,11771849,ttt2-1.20,29431,ttt2_cert,360056,complete,892.870811701,300.881801128,2.074333184E9,MAYBE,-,-,-
487548908,SRS_Relative/ICFP_2010_relative/142157.xml,11771849,AProVE,29458,certified,360177,timeout (wallclock),699.106898679,301.009320021,1.7292292096E10,MAYBE,-,-,-
487548707,SRS_Relative/ICFP_2010_relative/3268.xml,11771749,ttt2-1.20,29431,ttt2_cert,360056,complete,892.45723795,300.416564941,2.032132096E9,MAYBE,-,-,-
487548708,SRS_Relative/ICFP_2010_relative/3268.xml,11771749,AProVE,29458,certified,360177,timeout (wallclock),1154.79983585,301.089781046,1.7204473856E10,MAYBE,-,-,-
487548779,SRS_Relative/ICFP_2010_relative/3336.xml,11771785,ttt2-1.20,29431,ttt2_cert,360056,complete,22.493965518,7.43813300133,1.25435904E9,MAYBE,-,-,-
487548780,SRS_Relative/ICFP_2010_relative/3336.xml,11771785,AProVE,29458,certified,360177,complete,0.565804287,0.317428827286,8.6454272E7,MAYBE,-,-,-
487548735,SRS_Relative/ICFP_2010_relative/3385.xml,11771763,ttt2-1.20,29431,ttt2_cert,360056,complete,892.228614659,300.463239908,1.93814528E9,MAYBE,-,-,-
487548736,SRS_Relative/ICFP_2010_relative/3385.xml,11771763,AProVE,29458,certified,360177,timeout (wallclock),1116.64356368,301.007766008,1.6818659328E10,MAYBE,-,-,-
487548711,SRS_Relative/ICFP_2010_relative/3450.xml,11771751,ttt2-1.20,29431,ttt2_cert,360056,complete,892.106423595,300.566962004,1.927491584E9,MAYBE,-,-,-
487548712,SRS_Relative/ICFP_2010_relative/3450.xml,11771751,AProVE,29458,certified,360177,timeout (wallclock),852.184327314,301.068889141,1.5597244416E10,MAYBE,-,-,-
487548859,SRS_Relative/ICFP_2010_relative/3467.xml,11771825,ttt2-1.20,29431,ttt2_cert,360056,complete,328.340765718,111.763130188,1.859985408E9,UNSUPPORTED-YES,UNSUPPORTED,0.1,92980
487548860,SRS_Relative/ICFP_2010_relative/3467.xml,11771825,AProVE,29458,certified,360177,timeout (wallclock),745.573963596,301.044344187,1.5675256832E10,MAYBE,-,-,-
487548793,SRS_Relative/ICFP_2010_relative/3498.xml,11771792,ttt2-1.20,29431,ttt2_cert,360056,complete,345.4993305,117.482931137,1.92581632E9,UNSUPPORTED-YES,UNSUPPORTED,0.1,93484
487548794,SRS_Relative/ICFP_2010_relative/3498.xml,11771792,AProVE,29458,certified,360177,timeout (wallclock),820.790296727,301.02858305,1.564676096E10,MAYBE,-,-,-
487548739,SRS_Relative/ICFP_2010_relative/3533.xml,11771765,ttt2-1.20,29431,ttt2_cert,360056,complete,892.16758797,300.541589022,2.04394496E9,MAYBE,-,-,-
487548740,SRS_Relative/ICFP_2010_relative/3533.xml,11771765,AProVE,29458,certified,360177,timeout (wallclock),830.330908505,301.007427931,1.5700824064E10,MAYBE,-,-,-
487548703,SRS_Relative/ICFP_2010_relative/3562.xml,11771747,ttt2-1.20,29431,ttt2_cert,360056,complete,892.500659009,300.491509199,2.000330752E9,MAYBE,-,-,-
487548704,SRS_Relative/ICFP_2010_relative/3562.xml,11771747,AProVE,29458,certified,360177,timeout (wallclock),793.455728021,301.055546045,1.5686189056E10,MAYBE,-,-,-
487548803,SRS_Relative/ICFP_2010_relative/3589.xml,11771797,ttt2-1.20,29431,ttt2_cert,360056,complete,892.508571315,300.506091118,2.482102272E9,MAYBE,-,-,-
487548804,SRS_Relative/ICFP_2010_relative/3589.xml,11771797,AProVE,29458,certified,360177,timeout (wallclock),890.144721821,301.008345842,1.5680118784E10,MAYBE,-,-,-
487548807,SRS_Relative/ICFP_2010_relative/3633.xml,11771799,ttt2-1.20,29431,ttt2_cert,360056,complete,892.443524495,300.532008886,2.364788736E9,MAYBE,-,-,-
487548808,SRS_Relative/ICFP_2010_relative/3633.xml,11771799,AProVE,29458,certified,360177,timeout (wallclock),899.711881048,301.008504868,1.5671599104E10,MAYBE,-,-,-
487548757,SRS_Relative/ICFP_2010_relative/3680.xml,11771774,ttt2-1.20,29431,ttt2_cert,360056,complete,892.332111097,300.547958136,1.984536576E9,MAYBE,-,-,-
487548758,SRS_Relative/ICFP_2010_relative/3680.xml,11771774,AProVE,29458,certified,360177,complete,103.587145919,27.3724889755,8.07499776E9,YES,CERTIFIED,9.2,4524660
487548869,SRS_Relative/ICFP_2010_relative/3705.xml,11771830,ttt2-1.20,29431,ttt2_cert,360056,complete,210.71407229,72.5161788464,1.94535424E9,UNSUPPORTED-YES,UNSUPPORTED,0.1,51550
487548870,SRS_Relative/ICFP_2010_relative/3705.xml,11771830,AProVE,29458,certified,360177,timeout (wallclock),851.586405505,301.009595871,1.5676665856E10,MAYBE,-,-,-
487548987,SRS_Relative/ICFP_2010_relative/3729.xml,11771889,ttt2-1.20,29431,ttt2_cert,360056,complete,892.599571803,300.501127958,1.95178496E9,MAYBE,-,-,-
487548988,SRS_Relative/ICFP_2010_relative/3729.xml,11771889,AProVE,29458,certified,360177,timeout (wallclock),733.417768968,301.019521952,1.5436673024E10,MAYBE,-,-,-
487548847,SRS_Relative/ICFP_2010_relative/3746.xml,11771819,ttt2-1.20,29431,ttt2_cert,360056,complete,892.262106368,300.553844929,1.969278976E9,MAYBE,-,-,-
487548848,SRS_Relative/ICFP_2010_relative/3746.xml,11771819,AProVE,29458,certified,360177,complete,729.636573092,293.277908087,1.5655329792E10,MAYBE,-,-,-
487548819,SRS_Relative/ICFP_2010_relative/3762.xml,11771805,ttt2-1.20,29431,ttt2_cert,360056,complete,892.320401049,300.547252178,2.005962752E9,MAYBE,-,-,-
487548820,SRS_Relative/ICFP_2010_relative/3762.xml,11771805,AProVE,29458,certified,360177,timeout (wallclock),851.556367149,301.054406881,1.5690317824E10,MAYBE,-,-,-
487548861,SRS_Relative/ICFP_2010_relative/3770.xml,11771826,ttt2-1.20,29431,ttt2_cert,360056,complete,892.594305999,300.54282999,2.426781696E9,MAYBE,-,-,-
487548862,SRS_Relative/ICFP_2010_relative/3770.xml,11771826,AProVE,29458,certified,360177,timeout (wallclock),834.12330929,301.396575928,1.5652634624E10,MAYBE,-,-,-
487548777,SRS_Relative/ICFP_2010_relative/3786.xml,11771784,ttt2-1.20,29431,ttt2_cert,360056,complete,892.509571376,300.540287971,2.15150592E9,MAYBE,-,-,-
487548778,SRS_Relative/ICFP_2010_relative/3786.xml,11771784,AProVE,29458,certified,360177,timeout (wallclock),853.851151049,301.016611099,1.5679909888E10,MAYBE,-,-,-
487548765,SRS_Relative/ICFP_2010_relative/3817.xml,11771778,ttt2-1.20,29431,ttt2_cert,360056,complete,892.381037332,300.541319847,2.984964096E9,MAYBE,-,-,-
487548766,SRS_Relative/ICFP_2010_relative/3817.xml,11771778,AProVE,29458,certified,360177,timeout (wallclock),783.968493552,301.081835985,1.5679356928E10,MAYBE,-,-,-
487548897,SRS_Relative/ICFP_2010_relative/3831.xml,11771844,ttt2-1.20,29431,ttt2_cert,360056,complete,892.601408318,300.548242807,2.074488832E9,MAYBE,-,-,-
487548898,SRS_Relative/ICFP_2010_relative/3831.xml,11771844,AProVE,29458,certified,360177,complete,95.971295131,25.4289221764,8.040128512E9,YES,CERTIFIED,5.2,2612733
487548979,SRS_Relative/ICFP_2010_relative/3842.xml,11771885,ttt2-1.20,29431,ttt2_cert,360056,complete,892.311445248,300.512859106,2.032078848E9,MAYBE,-,-,-
487548980,SRS_Relative/ICFP_2010_relative/3842.xml,11771885,AProVE,29458,certified,360177,timeout (wallclock),804.602512091,301.048441887,1.5665795072E10,MAYBE,-,-,-
487548841,SRS_Relative/ICFP_2010_relative/3856.xml,11771816,ttt2-1.20,29431,ttt2_cert,360056,complete,892.422974474,300.537750006,2.16864768E9,MAYBE,-,-,-
487548842,SRS_Relative/ICFP_2010_relative/3856.xml,11771816,AProVE,29458,certified,360177,complete,123.652151317,32.1470730305,8.547254272E9,YES,CERTIFIED,6.1,3066095
487548935,SRS_Relative/ICFP_2010_relative/3861.xml,11771863,ttt2-1.20,29431,ttt2_cert,360056,complete,892.511206517,300.49391818,1.945812992E9,MAYBE,-,-,-
487548936,SRS_Relative/ICFP_2010_relative/3861.xml,11771863,AProVE,29458,certified,360177,timeout (wallclock),869.147550998,301.008491039,1.5581925376E10,MAYBE,-,-,-
487548743,SRS_Relative/ICFP_2010_relative/3865.xml,11771767,ttt2-1.20,29431,ttt2_cert,360056,complete,891.509526414,300.56102705,2.0810752E9,MAYBE,-,-,-
487548744,SRS_Relative/ICFP_2010_relative/3865.xml,11771767,AProVE,29458,certified,360177,timeout (wallclock),750.932222025,301.008195877,1.5638622208E10,MAYBE,-,-,-
487548781,SRS_Relative/ICFP_2010_relative/3916.xml,11771786,ttt2-1.20,29431,ttt2_cert,360056,complete,22.559004446,7.4819791317,1.08210176E9,MAYBE,-,-,-
487548782,SRS_Relative/ICFP_2010_relative/3916.xml,11771786,AProVE,29458,certified,360177,complete,0.638100164,0.443061113358,8.6634496E7,MAYBE,-,-,-
487548953,SRS_Relative/ICFP_2010_relative/3930.xml,11771872,ttt2-1.20,29431,ttt2_cert,360056,complete,892.333743458,300.532913923,2.227134464E9,MAYBE,-,-,-
487548954,SRS_Relative/ICFP_2010_relative/3930.xml,11771872,AProVE,29458,certified,360177,timeout (wallclock),759.555781933,301.008851051,1.566930944E10,MAYBE,-,-,-
487548937,SRS_Relative/ICFP_2010_relative/3939.xml,11771864,ttt2-1.20,29431,ttt2_cert,360056,complete,892.588115136,300.497582912,2.016538624E9,MAYBE,-,-,-
487548938,SRS_Relative/ICFP_2010_relative/3939.xml,11771864,AProVE,29458,certified,360177,complete,740.217366032,292.866435051,1.5628259328E10,MAYBE,-,-,-
487548817,SRS_Relative/ICFP_2010_relative/3989.xml,11771804,ttt2-1.20,29431,ttt2_cert,360056,complete,892.402969448,300.557594061,1.892569088E9,MAYBE,-,-,-
487548818,SRS_Relative/ICFP_2010_relative/3989.xml,11771804,AProVE,29458,certified,360177,timeout (wallclock),911.172288556,301.070590019,1.5644954624E10,MAYBE,-,-,-
487548875,SRS_Relative/ICFP_2010_relative/3995.xml,11771833,ttt2-1.20,29431,ttt2_cert,360056,complete,892.500892077,300.534282923,2.758447104E9,MAYBE,-,-,-
487548876,SRS_Relative/ICFP_2010_relative/3995.xml,11771833,AProVE,29458,certified,360177,timeout (wallclock),862.461544625,301.035596132,1.5695560704E10,MAYBE,-,-,-
487548945,SRS_Relative/ICFP_2010_relative/4002.xml,11771868,ttt2-1.20,29431,ttt2_cert,360056,complete,892.449673712,300.471412897,2.015141888E9,MAYBE,-,-,-
487548946,SRS_Relative/ICFP_2010_relative/4002.xml,11771868,AProVE,29458,certified,360177,timeout (wallclock),893.889359704,301.056730986,1.5657046016E10,MAYBE,-,-,-
487548689,SRS_Relative/ICFP_2010_relative/4017.xml,11771740,ttt2-1.20,29431,ttt2_cert,360056,complete,892.01483007,300.631010056,1.985425408E9,MAYBE,-,-,-
487548690,SRS_Relative/ICFP_2010_relative/4017.xml,11771740,AProVE,29458,certified,360177,timeout (wallclock),849.85011482,301.018488169,1.5684665344E10,MAYBE,-,-,-
487548899,SRS_Relative/ICFP_2010_relative/4029.xml,11771845,ttt2-1.20,29431,ttt2_cert,360056,complete,892.681606416,300.515468836,2.301939712E9,MAYBE,-,-,-
487548900,SRS_Relative/ICFP_2010_relative/4029.xml,11771845,AProVE,29458,certified,360177,timeout (wallclock),756.381039231,301.960454941,1.5669927936E10,MAYBE,-,-,-
487548879,SRS_Relative/ICFP_2010_relative/4036.xml,11771835,ttt2-1.20,29431,ttt2_cert,360056,complete,144.303888664,50.4283900261,2.028478464E9,UNSUPPORTED-YES,UNSUPPORTED,0.1,97684
487548880,SRS_Relative/ICFP_2010_relative/4036.xml,11771835,AProVE,29458,certified,360177,complete,173.791642429,44.6825881004,1.0269663232E10,YES,CERTIFIED,6.5,3268672
487548713,SRS_Relative/ICFP_2010_relative/4046.xml,11771752,ttt2-1.20,29431,ttt2_cert,360056,complete,22.566446572,7.56929397583,1.109725184E9,MAYBE,-,-,-
487548714,SRS_Relative/ICFP_2010_relative/4046.xml,11771752,AProVE,29458,certified,360177,complete,0.519434621,0.892168998718,8.4992E7,MAYBE,-,-,-
487548787,SRS_Relative/ICFP_2010_relative/4051.xml,11771789,ttt2-1.20,29431,ttt2_cert,360056,complete,892.125603914,300.491823912,2.961031168E9,MAYBE,-,-,-
487548788,SRS_Relative/ICFP_2010_relative/4051.xml,11771789,AProVE,29458,certified,360177,complete,221.946612019,58.9506640434,1.2464295936E10,YES,CERTIFIED,9.7,4812698
487548709,SRS_Relative/ICFP_2010_relative/4057.xml,11771750,ttt2-1.20,29431,ttt2_cert,360056,complete,892.512275673,300.748187065,1.900474368E9,MAYBE,-,-,-
487548710,SRS_Relative/ICFP_2010_relative/4057.xml,11771750,AProVE,29458,certified,360177,timeout (wallclock),733.662918231,301.074976921,1.5710752768E10,MAYBE,-,-,-
487548753,SRS_Relative/ICFP_2010_relative/4074.xml,11771772,ttt2-1.20,29431,ttt2_cert,360056,complete,891.525838373,300.609994888,2.231369728E9,MAYBE,-,-,-
487548754,SRS_Relative/ICFP_2010_relative/4074.xml,11771772,AProVE,29458,certified,360177,complete,791.278330042,296.982862949,1.5785906176E10,MAYBE,-,-,-
487548697,SRS_Relative/ICFP_2010_relative/4106.xml,11771744,ttt2-1.20,29431,ttt2_cert,360056,complete,892.144178463,300.517743111,1.873600512E9,MAYBE,-,-,-
487548698,SRS_Relative/ICFP_2010_relative/4106.xml,11771744,AProVE,29458,certified,360177,timeout (wallclock),750.051275075,301.03787899,1.5683702784E10,MAYBE,-,-,-
487548751,SRS_Relative/ICFP_2010_relative/41378.xml,11771771,ttt2-1.20,29431,ttt2_cert,360056,complete,176.391717129,64.9692268372,2.213281792E9,UNSUPPORTED-YES,UNSUPPORTED,0.3,320864
487548752,SRS_Relative/ICFP_2010_relative/41378.xml,11771771,AProVE,29458,certified,360177,timeout (wallclock),718.168278836,301.014769077,1.5722569728E10,MAYBE,-,-,-
487548685,SRS_Relative/ICFP_2010_relative/4141.xml,11771738,ttt2-1.20,29431,ttt2_cert,360056,complete,415.961895761,140.995023966,1.860784128E9,UNSUPPORTED-YES,UNSUPPORTED,0.1,50080
487548686,SRS_Relative/ICFP_2010_relative/4141.xml,11771738,AProVE,29458,certified,360177,timeout (wallclock),892.53988602,301.042422056,1.566889984E10,MAYBE,-,-,-
487548767,SRS_Relative/ICFP_2010_relative/4157.xml,11771779,ttt2-1.20,29431,ttt2_cert,360056,complete,892.223826412,300.810068846,2.110169088E9,MAYBE,-,-,-
487548768,SRS_Relative/ICFP_2010_relative/4157.xml,11771779,AProVE,29458,certified,360177,timeout (wallclock),793.36044907,301.063425064,1.571186688E10,MAYBE,-,-,-
487548761,SRS_Relative/ICFP_2010_relative/4181.xml,11771776,ttt2-1.20,29431,ttt2_cert,360056,complete,269.328174172,92.1372811794,2.0652032E9,UNSUPPORTED-YES,UNSUPPORTED,0.1,98524
487548762,SRS_Relative/ICFP_2010_relative/4181.xml,11771776,AProVE,29458,certified,360177,complete,384.977275829,152.892559052,1.58329856E10,YES,CERTIFIED,7.3,3607658
487548725,SRS_Relative/ICFP_2010_relative/4200.xml,11771758,ttt2-1.20,29431,ttt2_cert,360056,complete,892.611146294,300.49873805,2.007289856E9,MAYBE,-,-,-
487548726,SRS_Relative/ICFP_2010_relative/4200.xml,11771758,AProVE,29458,certified,360177,timeout (wallclock),837.985165716,301.014253139,1.5963664384E10,MAYBE,-,-,-
487548831,SRS_Relative/ICFP_2010_relative/4248.xml,11771811,ttt2-1.20,29431,ttt2_cert,360056,complete,891.837866076,300.60521102,2.056114176E9,MAYBE,-,-,-
487548832,SRS_Relative/ICFP_2010_relative/4248.xml,11771811,AProVE,29458,certified,360177,timeout (wallclock),753.69338071,301.052601099,1.5643414528E10,MAYBE,-,-,-
487548913,SRS_Relative/ICFP_2010_relative/4282.xml,11771852,ttt2-1.20,29431,ttt2_cert,360056,complete,892.236900432,300.523712158,1.996079104E9,MAYBE,-,-,-
487548914,SRS_Relative/ICFP_2010_relative/4282.xml,11771852,AProVE,29458,certified,360177,timeout (wallclock),916.232585095,301.031832933,1.5643332608E10,MAYBE,-,-,-
487548821,SRS_Relative/ICFP_2010_relative/4374.xml,11771806,ttt2-1.20,29431,ttt2_cert,360056,complete,892.522848721,300.545675039,4.259188736E9,MAYBE,-,-,-
487548822,SRS_Relative/ICFP_2010_relative/4374.xml,11771806,AProVE,29458,certified,360177,timeout (wallclock),821.286024365,301.057675123,1.5649337344E10,MAYBE,-,-,-
487548769,SRS_Relative/ICFP_2010_relative/4412.xml,11771780,ttt2-1.20,29431,ttt2_cert,360056,complete,892.401816259,300.501839161,2.285142016E9,MAYBE,-,-,-
487548770,SRS_Relative/ICFP_2010_relative/4412.xml,11771780,AProVE,29458,certified,360177,complete,133.247505119,38.2576150894,8.58284032E9,YES,CERTIFIED,6.8,3369151
487548729,SRS_Relative/ICFP_2010_relative/4484.xml,11771760,ttt2-1.20,29431,ttt2_cert,360056,complete,892.304178031,300.55524683,2.06024704E9,MAYBE,-,-,-
487548730,SRS_Relative/ICFP_2010_relative/4484.xml,11771760,AProVE,29458,certified,360177,timeout (wallclock),922.379639525,301.061671972,1.5694647296E10,MAYBE,-,-,-
487548923,SRS_Relative/ICFP_2010_relative/4487.xml,11771857,ttt2-1.20,29431,ttt2_cert,360056,complete,892.173325868,300.548939943,2.022940672E9,MAYBE,-,-,-
487548924,SRS_Relative/ICFP_2010_relative/4487.xml,11771857,AProVE,29458,certified,360177,timeout (wallclock),828.227385602,301.075581074,1.5666634752E10,MAYBE,-,-,-
487548941,SRS_Relative/ICFP_2010_relative/4816.xml,11771866,ttt2-1.20,29431,ttt2_cert,360056,complete,136.611100343,47.89478302,2.04996608E9,UNSUPPORTED-YES,UNSUPPORTED,0.1,53146
487548942,SRS_Relative/ICFP_2010_relative/4816.xml,11771866,AProVE,29458,certified,360177,complete,198.755938747,50.8093409538,1.2595597312E10,YES,CERTIFIED,5.9,2926179
487548857,SRS_Relative/ICFP_2010_relative/4819.xml,11771824,ttt2-1.20,29431,ttt2_cert,360056,complete,892.654686279,300.526321888,2.816053248E9,MAYBE,-,-,-
487548858,SRS_Relative/ICFP_2010_relative/4819.xml,11771824,AProVE,29458,certified,360177,complete,90.590935262,24.0423498154,7.849480192E9,YES,CERTIFIED,6.1,3070163
487548925,SRS_Relative/ICFP_2010_relative/4824.xml,11771858,ttt2-1.20,29431,ttt2_cert,360056,complete,892.231043578,300.490188122,1.929371648E9,MAYBE,-,-,-
487548926,SRS_Relative/ICFP_2010_relative/4824.xml,11771858,AProVE,29458,certified,360177,timeout (wallclock),738.730660031,301.009728909,1.6410349568E10,MAYBE,-,-,-
487548731,SRS_Relative/ICFP_2010_relative/4827.xml,11771761,ttt2-1.20,29431,ttt2_cert,360056,complete,892.40552483,300.529669046,1.95510272E9,MAYBE,-,-,-
487548732,SRS_Relative/ICFP_2010_relative/4827.xml,11771761,AProVE,29458,certified,360177,timeout (wallclock),818.892989836,301.033061981,1.5693295616E10,MAYBE,-,-,-
487548995,SRS_Relative/ICFP_2010_relative/4840.xml,11771893,ttt2-1.20,29431,ttt2_cert,360056,complete,892.191719716,300.531409025,2.091941888E9,MAYBE,-,-,-
487548996,SRS_Relative/ICFP_2010_relative/4840.xml,11771893,AProVE,29458,certified,360177,timeout (wallclock),762.391557329,301.040450096,1.5660486656E10,MAYBE,-,-,-
487548985,SRS_Relative/ICFP_2010_relative/4847.xml,11771888,ttt2-1.20,29431,ttt2_cert,360056,complete,892.63471312,300.508681059,2.179293184E9,MAYBE,-,-,-
487548986,SRS_Relative/ICFP_2010_relative/4847.xml,11771888,AProVE,29458,certified,360177,timeout (wallclock),837.398740929,301.007431984,1.567035392E10,MAYBE,-,-,-
487548853,SRS_Relative/ICFP_2010_relative/4854.xml,11771822,ttt2-1.20,29431,ttt2_cert,360056,complete,892.60435576,300.532850027,2.005372928E9,MAYBE,-,-,-
487548854,SRS_Relative/ICFP_2010_relative/4854.xml,11771822,AProVE,29458,certified,360177,timeout (wallclock),914.70985805,301.030669212,1.5649050624E10,MAYBE,-,-,-
487548789,SRS_Relative/ICFP_2010_relative/4893.xml,11771790,ttt2-1.20,29431,ttt2_cert,360056,complete,892.315619826,300.521513939,2.030641152E9,MAYBE,-,-,-
487548790,SRS_Relative/ICFP_2010_relative/4893.xml,11771790,AProVE,29458,certified,360177,timeout (wallclock),748.330014849,301.008288145,1.6000221184E10,MAYBE,-,-,-
487548687,SRS_Relative/ICFP_2010_relative/4920.xml,11771739,ttt2-1.20,29431,ttt2_cert,360056,complete,892.662964674,300.537760019,1.919082496E9,MAYBE,-,-,-
487548688,SRS_Relative/ICFP_2010_relative/4920.xml,11771739,AProVE,29458,certified,360177,timeout (wallclock),871.422860006,301.068502903,1.5657992192E10,MAYBE,-,-,-
487548867,SRS_Relative/ICFP_2010_relative/4934.xml,11771829,ttt2-1.20,29431,ttt2_cert,360056,complete,892.458223877,300.515599012,1.954332672E9,MAYBE,-,-,-
487548868,SRS_Relative/ICFP_2010_relative/4934.xml,11771829,AProVE,29458,certified,360177,timeout (wallclock),834.061173614,301.04162097,1.5645241344E10,MAYBE,-,-,-
487548773,SRS_Relative/ICFP_2010_relative/4938.xml,11771782,ttt2-1.20,29431,ttt2_cert,360056,complete,892.508422117,300.521064043,2.08728064E9,MAYBE,-,-,-
487548774,SRS_Relative/ICFP_2010_relative/4938.xml,11771782,AProVE,29458,certified,360177,timeout (wallclock),828.280439881,301.014687061,1.5638208512E10,MAYBE,-,-,-
487548763,SRS_Relative/ICFP_2010_relative/4943.xml,11771777,ttt2-1.20,29431,ttt2_cert,360056,complete,891.879150976,300.49565196,2.019405824E9,MAYBE,-,-,-
487548764,SRS_Relative/ICFP_2010_relative/4943.xml,11771777,AProVE,29458,certified,360177,timeout (wallclock),856.180832616,301.085311174,1.7131323392E10,MAYBE,-,-,-
487548813,SRS_Relative/ICFP_2010_relative/4953.xml,11771802,ttt2-1.20,29431,ttt2_cert,360056,complete,892.436452432,300.545300961,2.225328128E9,MAYBE,-,-,-
487548814,SRS_Relative/ICFP_2010_relative/4953.xml,11771802,AProVE,29458,certified,360177,timeout (wallclock),828.181549884,301.008649111,1.5692447744E10,MAYBE,-,-,-
487548997,SRS_Relative/ICFP_2010_relative/4964.xml,11771894,ttt2-1.20,29431,ttt2_cert,360056,complete,892.416882837,300.528634071,2.634592256E9,MAYBE,-,-,-
487548998,SRS_Relative/ICFP_2010_relative/4964.xml,11771894,AProVE,29458,certified,360177,timeout (wallclock),907.102067229,301.041505098,1.5714004992E10,MAYBE,-,-,-
487548851,SRS_Relative/ICFP_2010_relative/4970.xml,11771821,ttt2-1.20,29431,ttt2_cert,360056,complete,22.626177842,7.50046896935,1.095430144E9,MAYBE,-,-,-
487548852,SRS_Relative/ICFP_2010_relative/4970.xml,11771821,AProVE,29458,certified,360177,complete,0.579889257,0.400279998779,8.572928E7,MAYBE,-,-,-
487548845,SRS_Relative/ICFP_2010_relative/4979.xml,11771818,ttt2-1.20,29431,ttt2_cert,360056,complete,892.391551945,300.554184914,2.00577024E9,MAYBE,-,-,-
487548846,SRS_Relative/ICFP_2010_relative/4979.xml,11771818,AProVE,29458,certified,360177,timeout (wallclock),885.247716853,301.063401937,1.5648813056E10,MAYBE,-,-,-
487548961,SRS_Relative/ICFP_2010_relative/4991.xml,11771876,ttt2-1.20,29431,ttt2_cert,360056,complete,892.426362033,300.53106904,2.927382528E9,MAYBE,-,-,-
487548962,SRS_Relative/ICFP_2010_relative/4991.xml,11771876,AProVE,29458,certified,360177,timeout (wallclock),917.634230337,301.027562857,1.5660814336E10,MAYBE,-,-,-
487548865,SRS_Relative/ICFP_2010_relative/5011.xml,11771828,ttt2-1.20,29431,ttt2_cert,360056,complete,22.572165548,7.54332304001,1.102757888E9,MAYBE,-,-,-
487548866,SRS_Relative/ICFP_2010_relative/5011.xml,11771828,AProVE,29458,certified,360177,complete,0.576639636,0.459491014481,8.5741568E7,MAYBE,-,-,-
487548815,SRS_Relative/ICFP_2010_relative/5076.xml,11771803,ttt2-1.20,29431,ttt2_cert,360056,complete,892.372684361,300.476581097,2.039468032E9,MAYBE,-,-,-
487548816,SRS_Relative/ICFP_2010_relative/5076.xml,11771803,AProVE,29458,certified,360177,timeout (wallclock),828.82387795,301.084746122,1.5738052608E10,MAYBE,-,-,-
487548891,SRS_Relative/ICFP_2010_relative/5109.xml,11771841,ttt2-1.20,29431,ttt2_cert,360056,complete,273.644482534,93.5448479652,2.022064128E9,UNSUPPORTED-YES,UNSUPPORTED,0.1,97432
487548892,SRS_Relative/ICFP_2010_relative/5109.xml,11771841,AProVE,29458,certified,360177,complete,98.395922516,26.1669280529,8.096477184E9,YES,CERTIFIED,8.0,3882746
487548745,SRS_Relative/ICFP_2010_relative/5130.xml,11771768,ttt2-1.20,29431,ttt2_cert,360056,complete,892.441434216,300.488763094,2.051629056E9,MAYBE,-,-,-
487548746,SRS_Relative/ICFP_2010_relative/5130.xml,11771768,AProVE,29458,certified,360177,complete,104.819885845,27.4220337868,8.408014848E9,YES,CERTIFIED,5.1,2584681
487548681,SRS_Relative/ICFP_2010_relative/54097.xml,11771736,ttt2-1.20,29431,ttt2_cert,360056,timeout (wallclock),885.2550482,301.073164225,2.35671552E9,MAYBE,-,-,-
487548682,SRS_Relative/ICFP_2010_relative/54097.xml,11771736,AProVE,29458,certified,360177,timeout (wallclock),690.744746151,301.007236958,1.5941861376E10,MAYBE,-,-,-
487548959,SRS_Relative/ICFP_2010_relative/63142.xml,11771875,ttt2-1.20,29431,ttt2_cert,360056,complete,892.441758895,300.582026958,4.034093056E9,MAYBE,-,-,-
487548960,SRS_Relative/ICFP_2010_relative/63142.xml,11771875,AProVE,29458,certified,360177,timeout (wallclock),591.872985272,301.008631945,1.6461836288E10,MAYBE,-,-,-
487548701,SRS_Relative/ICFP_2010_relative/64160.xml,11771746,ttt2-1.20,29431,ttt2_cert,360056,complete,892.465194888,300.612610102,3.2610304E9,MAYBE,-,-,-
487548702,SRS_Relative/ICFP_2010_relative/64160.xml,11771746,AProVE,29458,certified,360177,timeout (wallclock),608.596035637,301.008489847,1.6242487296E10,MAYBE,-,-,-
487548733,SRS_Relative/ICFP_2010_relative/88143.xml,11771762,ttt2-1.20,29431,ttt2_cert,360056,complete,643.123081887,217.045217991,2.318737408E9,UNSUPPORTED-YES,UNSUPPORTED,0.1,935928
487548734,SRS_Relative/ICFP_2010_relative/88143.xml,11771762,AProVE,29458,certified,360177,complete,49.478099039,17.0070469379,5.251284992E9,YES,CERTIFIED,2.3,1176371
487548939,SRS_Relative/ICFP_2010_relative/88172.xml,11771865,ttt2-1.20,29431,ttt2_cert,360056,complete,892.470259532,300.596214056,2.839883776E9,MAYBE,-,-,-
487548940,SRS_Relative/ICFP_2010_relative/88172.xml,11771865,AProVE,29458,certified,360177,timeout (wallclock),694.351042499,301.040145159,1.7482678272E10,MAYBE,-,-,-
487548749,SRS_Relative/ICFP_2010_relative/91242.xml,11771770,ttt2-1.20,29431,ttt2_cert,360056,timeout (wallclock),893.01840628,301.034866095,2.253774848E9,MAYBE,-,-,-
487548750,SRS_Relative/ICFP_2010_relative/91242.xml,11771770,AProVE,29458,certified,360177,timeout (wallclock),638.990491756,301.050189972,1.546401792E10,MAYBE,-,-,-
487548795,SRS_Relative/ICFP_2010_relative/97888.xml,11771793,ttt2-1.20,29431,ttt2_cert,360056,timeout (wallclock),892.935601963,301.031748056,2.244186112E9,MAYBE,-,-,-
487548796,SRS_Relative/ICFP_2010_relative/97888.xml,11771793,AProVE,29458,certified,360177,complete,497.942133497,294.699676037,1.546840064E10,MAYBE,-,-,-
487548799,SRS_Relative/ICFP_2010_relative/97901.xml,11771795,ttt2-1.20,29431,ttt2_cert,360056,timeout (wallclock),892.881422241,301.059710026,2.103222272E9,MAYBE,-,-,-
487548800,SRS_Relative/ICFP_2010_relative/97901.xml,11771795,AProVE,29458,certified,360177,timeout (wallclock),623.880402877,301.079508066,1.568024576E10,MAYBE,-,-,-
487548843,SRS_Relative/ICFP_2010_relative/97917.xml,11771817,ttt2-1.20,29431,ttt2_cert,360056,timeout (wallclock),893.02348878,301.04377389,2.124337152E9,MAYBE,-,-,-
487548844,SRS_Relative/ICFP_2010_relative/97917.xml,11771817,AProVE,29458,certified,360177,timeout (wallclock),595.679181515,301.050451994,1.5373570048E10,MAYBE,-,-,-
487548949,SRS_Relative/ICFP_2010_relative/97929.xml,11771870,ttt2-1.20,29431,ttt2_cert,360056,timeout (wallclock),892.955939769,301.037473917,2.039672832E9,MAYBE,-,-,-
487548950,SRS_Relative/ICFP_2010_relative/97929.xml,11771870,AProVE,29458,certified,360177,timeout (wallclock),618.219657553,301.007422924,1.5478124544E10,MAYBE,-,-,-
