pair id,benchmark,benchmark id,solver,solver id,configuration,configuration id,status,cpu time,wallclock time,memory usage,result,certification-result,certification-time
516332671,TRS_Innermost/Transformed_CSR_innermost_04/ExSec11_1_Luc02a_L.xml,13156080,AProVE21,33789,certified,551426,complete,5.580508354,2.17237091064,4.75660288E8,YES,CERTIFIED,0.05
516332672,TRS_Innermost/Transformed_CSR_innermost_04/ExIntrod_GM99_GM.xml,13156081,AProVE21,33789,certified,551426,complete,96.018024017,25.0695741177,5.606055936E9,YES,CERTIFIED,1.62
516332673,TRS_Innermost/Transformed_CSR_innermost_04/Ex24_Luc06_C.xml,13156082,AProVE21,33789,certified,551426,complete,52.479843008,28.6324691772,1.381003264E9,YES,CERTIFIED,1.06
516332674,TRS_Innermost/Transformed_CSR_innermost_04/LengthOfFiniteLists_complete_iGM.xml,13156083,AProVE21,33789,certified,551426,timeout (wallclock),805.090814966,301.008679152,1.6718544896E10,--,-,-
516332675,TRS_Innermost/Transformed_CSR_innermost_04/PALINDROME_nokinds_noand_GM.xml,13156084,AProVE21,33789,certified,551426,complete,8.206033082,2.86059880257,5.49777408E8,YES,CERTIFIED,0.38
516332676,TRS_Innermost/Transformed_CSR_innermost_04/Ex1_Luc04b_GM.xml,13156085,AProVE21,33789,certified,551426,complete,9.201577884,3.10265207291,8.0283648E8,YES,CERTIFIED,0.43
516332677,TRS_Innermost/Transformed_CSR_innermost_04/Ex9_BLR02_iGM.xml,13156086,AProVE21,33789,certified,551426,complete,15.714677251,4.99930405617,1.17110784E9,YES,CERTIFIED,0.85
516332678,TRS_Innermost/Transformed_CSR_innermost_04/ExSec4_2_DLMMU04_GM.xml,13156087,AProVE21,33789,certified,551426,complete,868.207922103,292.239779949,1.6085098496E10,--,-,-
516332679,TRS_Innermost/Transformed_CSR_innermost_04/Ex5_7_Luc97_iGM.xml,13156088,AProVE21,33789,certified,551426,complete,735.903115778,292.153719187,1.433882624E10,--,-,-
516332680,TRS_Innermost/Transformed_CSR_innermost_04/Ex1_GM99_iGM.xml,13156089,AProVE21,33789,certified,551426,complete,27.625258586,26.1918730736,1.015406592E9,YES,CERTIFIED,0.50
516332681,TRS_Innermost/Transformed_CSR_innermost_04/LengthOfFiniteLists_nosorts_noand_iGM.xml,13156090,AProVE21,33789,certified,551426,timeout (wallclock),661.229421508,301.009179831,1.575192576E10,--,-,-
516332682,TRS_Innermost/Transformed_CSR_innermost_04/Ex1_GM99_C.xml,13156091,AProVE21,33789,certified,551426,complete,95.613037382,42.8422970772,1.663320064E9,YES,CERTIFIED,1.82
516332683,TRS_Innermost/Transformed_CSR_innermost_04/PEANO_nosorts_noand_GM.xml,13156092,AProVE21,33789,certified,551426,complete,5.734759878,2.18474006653,4.7671296E8,YES,CERTIFIED,0.05
516332684,TRS_Innermost/Transformed_CSR_innermost_04/PEANO_complete_noand_iGM.xml,13156093,AProVE21,33789,certified,551426,complete,175.811855015,67.009316206,1.0810302464E10,YES,CERTIFIED,20.93
516332685,TRS_Innermost/Transformed_CSR_innermost_04/Ex26_Luc03b_GM.xml,13156094,AProVE21,33789,certified,551426,complete,8.750550878,3.04557299614,5.82049792E8,YES,CERTIFIED,0.17
516332686,TRS_Innermost/Transformed_CSR_innermost_04/ExSec11_1_Luc02a_iGM.xml,13156095,AProVE21,33789,certified,551426,complete,19.790343647,6.18467998505,1.254227968E9,YES,CERTIFIED,1.12
516332687,TRS_Innermost/Transformed_CSR_innermost_04/Ex4_7_56_Bor03_GM.xml,13156096,AProVE21,33789,certified,551426,complete,16.86802838,5.15158200264,1.093599232E9,YES,CERTIFIED,0.39
516332688,TRS_Innermost/Transformed_CSR_innermost_04/Ex9_Luc06_iGM.xml,13156097,AProVE21,33789,certified,551426,complete,6.999168676,2.58764505386,4.9719296E8,YES,CERTIFIED,0.34
516332689,TRS_Innermost/Transformed_CSR_innermost_04/Ex14_AEGL02_GM.xml,13156098,AProVE21,33789,certified,551426,complete,6.765214874,2.54327893257,4.98008064E8,YES,CERTIFIED,0.09
516332690,TRS_Innermost/Transformed_CSR_innermost_04/Ex1_Zan97_C.xml,13156099,AProVE21,33789,certified,551426,complete,17.337231049,5.21566295624,1.211400192E9,YES,CERTIFIED,0.25
516332691,TRS_Innermost/Transformed_CSR_innermost_04/PEANO_complete_noand_GM.xml,13156100,AProVE21,33789,certified,551426,complete,13.935155174,4.6391479969,9.44197632E8,YES,CERTIFIED,1.16
516332692,TRS_Innermost/Transformed_CSR_innermost_04/Ex26_Luc03b_iGM.xml,13156101,AProVE21,33789,certified,551426,complete,13.716589676,4.56421399117,1.03716864E9,YES,CERTIFIED,1.10
516332693,TRS_Innermost/Transformed_CSR_innermost_04/Ex9_Luc06_GM.xml,13156102,AProVE21,33789,certified,551426,complete,5.814777972,2.2833609581,4.74497024E8,YES,CERTIFIED,0.08
516332694,TRS_Innermost/Transformed_CSR_innermost_04/Ex14_AEGL02_iGM.xml,13156103,AProVE21,33789,certified,551426,complete,9.769914713,3.31525206566,6.77699584E8,YES,CERTIFIED,0.48
516332695,TRS_Innermost/Transformed_CSR_innermost_04/Ex4_7_15_Bor03_L.xml,13156104,AProVE21,33789,certified,551426,complete,5.357287965,2.10658597946,4.87043072E8,YES,CERTIFIED,0.03
516332696,TRS_Innermost/Transformed_CSR_innermost_04/MYNAT_nosorts_noand_iGM.xml,13156105,AProVE21,33789,certified,551426,complete,9.952517371,3.47007608414,6.84384256E8,YES,CERTIFIED,0.63
516332697,TRS_Innermost/Transformed_CSR_innermost_04/Ex24_GM04_iGM.xml,13156106,AProVE21,33789,certified,551426,complete,6.127883733,2.33256006241,4.85044224E8,YES,CERTIFIED,0.17
516332698,TRS_Innermost/Transformed_CSR_innermost_04/Ex14_Luc06_C.xml,13156107,AProVE21,33789,certified,551426,complete,913.282656043,298.048765182,1.1976994816E10,--,-,-
516332699,TRS_Innermost/Transformed_CSR_innermost_04/PEANO_complete_iGM.xml,13156108,AProVE21,33789,certified,551426,complete,10.431704291,8.11170816422,6.052864E8,YES,CERTIFIED,0.44
516332700,TRS_Innermost/Transformed_CSR_innermost_04/OvConsOS_nosorts_GM.xml,13156109,AProVE21,33789,certified,551426,complete,14.743540896,6.6860229969,7.35473664E8,NO,CERTIFIED,0.33
516332701,TRS_Innermost/Transformed_CSR_innermost_04/Ex3_2_Luc97_GM.xml,13156110,AProVE21,33789,certified,551426,timeout (wallclock),1166.62049787,301.087627888,1.6153976832E10,--,-,-
516332702,TRS_Innermost/Transformed_CSR_innermost_04/PEANO_complete_noand_C.xml,13156111,AProVE21,33789,certified,551426,complete,1034.01986246,296.730134964,1.7130713088E10,--,-,-
516332703,TRS_Innermost/Transformed_CSR_innermost_04/PALINDROME_nosorts_GM.xml,13156112,AProVE21,33789,certified,551426,complete,5.442986769,2.13847398758,4.75697152E8,YES,CERTIFIED,0.05
516332704,TRS_Innermost/Transformed_CSR_innermost_04/LISTUTILITIES_nosorts_noand_C.xml,13156113,AProVE21,33789,certified,551426,complete,884.481396311,294.908844948,1.6881655808E10,--,-,-
516332705,TRS_Innermost/Transformed_CSR_innermost_04/Ex14_AEGL02_C.xml,13156114,AProVE21,33789,certified,551426,complete,95.066271663,39.7829170227,2.7695104E9,YES,CERTIFIED,0.99
516332706,TRS_Innermost/Transformed_CSR_innermost_04/Ex5_Zan97_iGM.xml,13156115,AProVE21,33789,certified,551426,complete,7.853684611,3.13562321663,5.49277696E8,YES,CERTIFIED,0.29
516332707,TRS_Innermost/Transformed_CSR_innermost_04/OvConsOS_nosorts_noand_GM.xml,13156116,AProVE21,33789,certified,551426,complete,30.024421866,16.1829738617,1.232744448E9,NO,CERTIFIED,0.81
516332708,TRS_Innermost/Transformed_CSR_innermost_04/Ex2_Luc02a_C.xml,13156117,AProVE21,33789,certified,551426,complete,12.262137842,4.0911488533,7.7826048E8,YES,CERTIFIED,1.63
516332709,TRS_Innermost/Transformed_CSR_innermost_04/MYNAT_nosorts_GM.xml,13156118,AProVE21,33789,certified,551426,complete,5.980190903,2.30241513252,4.73051136E8,YES,CERTIFIED,0.08
516332710,TRS_Innermost/Transformed_CSR_innermost_04/PALINDROME_nokinds_noand_iGM.xml,13156119,AProVE21,33789,certified,551426,complete,18.343536963,5.54812693596,1.158377472E9,YES,CERTIFIED,1.96
516332711,TRS_Innermost/Transformed_CSR_innermost_04/LISTUTILITIES_nokinds_iGM.xml,13156120,AProVE21,33789,certified,551426,complete,606.203627203,292.379006147,1.0660847616E10,--,-,-
516332712,TRS_Innermost/Transformed_CSR_innermost_04/Ex6_15_AEL02_iGM.xml,13156121,AProVE21,33789,certified,551426,complete,789.026750054,293.311914921,1.4094508032E10,--,-,-
516332713,TRS_Innermost/Transformed_CSR_innermost_04/LISTUTILITIES_nosorts_iGM.xml,13156122,AProVE21,33789,certified,551426,complete,635.344022956,292.265668869,1.0595049472E10,--,-,-
516332714,TRS_Innermost/Transformed_CSR_innermost_04/Ex4_DLMMU04_C.xml,13156123,AProVE21,33789,certified,551426,timeout (wallclock),1051.01261151,301.041439056,1.6547434496E10,--,-,-
516332715,TRS_Innermost/Transformed_CSR_innermost_04/LISTUTILITIES_nokinds_noand_iGM.xml,13156124,AProVE21,33789,certified,551426,complete,670.115740697,292.511264801,1.1602112512E10,--,-,-
516332716,TRS_Innermost/Transformed_CSR_innermost_04/Ex4_DLMMU04_GM.xml,13156125,AProVE21,33789,certified,551426,complete,42.765497551,11.8802800179,1.338195968E9,YES,CERTIFIED,1.07
516332717,TRS_Innermost/Transformed_CSR_innermost_04/LengthOfFiniteLists_nokinds_noand_C.xml,13156126,AProVE21,33789,certified,551426,timeout (wallclock),1043.03313254,301.063029051,1.6480903168E10,--,-,-
516332718,TRS_Innermost/Transformed_CSR_innermost_04/LISTUTILITIES_nokinds_noand_GM.xml,13156127,AProVE21,33789,certified,551426,complete,616.14679526,292.281580925,1.0946920448E10,--,-,-
516332719,TRS_Innermost/Transformed_CSR_innermost_04/Ex4_7_77_Bor03_iGM.xml,13156128,AProVE21,33789,certified,551426,complete,6.325559948,3.25178599358,4.8306176E8,YES,CERTIFIED,0.14
516332720,TRS_Innermost/Transformed_CSR_innermost_04/PEANO_complete_GM.xml,13156129,AProVE21,33789,certified,551426,complete,7.805085193,2.7908949852,5.37182208E8,YES,CERTIFIED,0.30
516332721,TRS_Innermost/Transformed_CSR_innermost_04/Ex2_Luc03b_GM.xml,13156130,AProVE21,33789,certified,551426,complete,16.006425143,4.91280078888,1.803460608E9,YES,CERTIFIED,0.16
516332722,TRS_Innermost/Transformed_CSR_innermost_04/Ex2_Luc03b_iGM.xml,13156131,AProVE21,33789,certified,551426,complete,10.974291008,3.81450891495,7.87705856E8,YES,CERTIFIED,0.76
516332723,TRS_Innermost/Transformed_CSR_innermost_04/Ex6_GM04_iGM.xml,13156132,AProVE21,33789,certified,551426,complete,8.014126664,2.88729381561,8.13940736E8,YES,CERTIFIED,0.06
516332724,TRS_Innermost/Transformed_CSR_innermost_04/OvConsOS_complete_noand_C.xml,13156133,AProVE21,33789,certified,551426,complete,890.75937384,295.592569113,1.458348032E10,--,-,-
516332725,TRS_Innermost/Transformed_CSR_innermost_04/ExProp7_Luc06_L.xml,13156134,AProVE21,33789,certified,551426,complete,5.699633649,2.19175410271,4.881408E8,YES,CERTIFIED,0.04
516332726,TRS_Innermost/Transformed_CSR_innermost_04/Ex9_Luc04_GM.xml,13156135,AProVE21,33789,certified,551426,complete,8.723747684,3.05362081528,5.53926656E8,YES,CERTIFIED,0.13
516332727,TRS_Innermost/Transformed_CSR_innermost_04/Ex14_Luc06_iGM.xml,13156136,AProVE21,33789,certified,551426,complete,9.151311999,3.19497990608,6.31087104E8,YES,CERTIFIED,0.37
516332728,TRS_Innermost/Transformed_CSR_innermost_04/Ex1_Luc04b_C.xml,13156137,AProVE21,33789,certified,551426,complete,9.93725231,3.37092399597,9.90257152E8,YES,CERTIFIED,0.76
516332729,TRS_Innermost/Transformed_CSR_innermost_04/LengthOfFiniteLists_nokinds_GM.xml,13156138,AProVE21,33789,certified,551426,complete,8.546376147,2.92546081543,5.96615168E8,YES,CERTIFIED,0.48
516332730,TRS_Innermost/Transformed_CSR_innermost_04/ExIntrod_GM04_C.xml,13156139,AProVE21,33789,certified,551426,complete,10.115611353,3.43541502953,6.78936576E8,YES,CERTIFIED,0.75
516332731,TRS_Innermost/Transformed_CSR_innermost_04/Ex1_2_AEL03_GM.xml,13156140,AProVE21,33789,certified,551426,complete,171.188763091,49.98478508,1.673580544E9,YES,CERTIFIED,3.07
516332732,TRS_Innermost/Transformed_CSR_innermost_04/OvConsOS_nosorts_noand_C.xml,13156141,AProVE21,33789,certified,551426,complete,1053.25688048,296.809951067,1.6397869056E10,--,-,-
516332733,TRS_Innermost/Transformed_CSR_innermost_04/Ex16_Luc06_C.xml,13156142,AProVE21,33789,certified,551426,complete,72.922505536,28.0040209293,2.975891456E9,YES,CERTIFIED,2.11
516332734,TRS_Innermost/Transformed_CSR_innermost_04/PEANO_nosorts_noand_iGM.xml,13156143,AProVE21,33789,certified,551426,complete,7.954516801,2.87524604797,5.90426112E8,YES,CERTIFIED,0.36
516332735,TRS_Innermost/Transformed_CSR_innermost_04/Ex5_Zan97_C.xml,13156144,AProVE21,33789,certified,551426,complete,8.15782228,2.8954949379,5.48016128E8,YES,CERTIFIED,0.36
516332736,TRS_Innermost/Transformed_CSR_innermost_04/PALINDROME_nosorts_C.xml,13156145,AProVE21,33789,certified,551426,complete,7.28442353,2.57981014252,5.63376128E8,YES,CERTIFIED,0.29
516332737,TRS_Innermost/Transformed_CSR_innermost_04/Ex4_7_77_Bor03_C.xml,13156146,AProVE21,33789,certified,551426,complete,7.6543362,2.73990106583,5.41253632E8,YES,CERTIFIED,0.27
516332738,TRS_Innermost/Transformed_CSR_innermost_04/Ex8_BLR02_C.xml,13156147,AProVE21,33789,certified,551426,timeout (wallclock),1009.86710752,301.008119106,1.2884656128E10,--,-,-
516332739,TRS_Innermost/Transformed_CSR_innermost_04/OvConsOS_nokinds_noand_GM.xml,13156148,AProVE21,33789,certified,551426,complete,18.68082935,5.87899708748,1.393401856E9,YES,CERTIFIED,1.28
516332740,TRS_Innermost/Transformed_CSR_innermost_04/Ex7_BLR02_C.xml,13156149,AProVE21,33789,certified,551426,timeout (wallclock),827.426063987,301.05846715,1.5647338496E10,--,-,-
516332741,TRS_Innermost/Transformed_CSR_innermost_04/Ex4_DLMMU04_iGM.xml,13156150,AProVE21,33789,certified,551426,complete,77.944719857,26.2838099003,1.437175808E9,YES,CERTIFIED,4.32
516332742,TRS_Innermost/Transformed_CSR_innermost_04/Ex4_7_15_Bor03_C.xml,13156151,AProVE21,33789,certified,551426,complete,34.809878515,10.0049910545,4.410544128E9,YES,CERTIFIED,0.45
516332743,TRS_Innermost/Transformed_CSR_innermost_04/OvConsOS_nokinds_noand_iGM.xml,13156152,AProVE21,33789,certified,551426,complete,158.052023381,62.8591709137,7.801499648E9,YES,CERTIFIED,14.28
516332744,TRS_Innermost/Transformed_CSR_innermost_04/PEANO_nosorts_noand_C.xml,13156153,AProVE21,33789,certified,551426,complete,8.306073892,2.89507293701,6.23243264E8,YES,CERTIFIED,0.44
516332745,TRS_Innermost/Transformed_CSR_innermost_04/MYNAT_complete_noand_GM.xml,13156154,AProVE21,33789,certified,551426,complete,42.622209952,20.3833971024,1.458450432E9,YES,CERTIFIED,2.60
516332746,TRS_Innermost/Transformed_CSR_innermost_04/Ex16_Luc06_iGM.xml,13156155,AProVE21,33789,certified,551426,complete,7.368863679,2.69357895851,5.06748928E8,YES,CERTIFIED,0.18
516332747,TRS_Innermost/Transformed_CSR_innermost_04/Ex6_15_AEL02_GM.xml,13156156,AProVE21,33789,certified,551426,timeout (wallclock),1186.40104592,301.047648907,1.199507456E10,--,-,-
516332748,TRS_Innermost/Transformed_CSR_innermost_04/PALINDROME_nokinds_C.xml,13156157,AProVE21,33789,certified,551426,complete,8.077724579,3.77389407158,5.75250432E8,YES,CERTIFIED,0.32
516332749,TRS_Innermost/Transformed_CSR_innermost_04/LISTUTILITIES_complete_iGM.xml,13156158,AProVE21,33789,certified,551426,complete,658.321076778,292.614758968,6.41820672E9,--,-,-
516332750,TRS_Innermost/Transformed_CSR_innermost_04/MYNAT_complete_C.xml,13156159,AProVE21,33789,certified,551426,complete,18.937179378,10.8877809048,1.139494912E9,YES,CERTIFIED,1.48
516332751,TRS_Innermost/Transformed_CSR_innermost_04/LISTUTILITIES_nosorts_noand_GM.xml,13156160,AProVE21,33789,certified,551426,complete,697.4755292,292.28200984,1.1755667456E10,--,-,-
516332752,TRS_Innermost/Transformed_CSR_innermost_04/ExSec11_1_Luc02a_C.xml,13156161,AProVE21,33789,certified,551426,complete,11.855955234,3.88438510895,7.58079488E8,YES,CERTIFIED,1.98
516332753,TRS_Innermost/Transformed_CSR_innermost_04/LISTUTILITIES_complete_noand_iGM.xml,13156162,AProVE21,33789,certified,551426,timeout (wallclock),1018.37190021,301.02076602,1.7368018944E10,--,-,-
516332754,TRS_Innermost/Transformed_CSR_innermost_04/Ex1_Luc02b_C.xml,13156163,AProVE21,33789,certified,551426,complete,785.15898206,292.201619864,1.5584776192E10,--,-,-
516332755,TRS_Innermost/Transformed_CSR_innermost_04/ExIntrod_GM99_C.xml,13156164,AProVE21,33789,certified,551426,timeout (wallclock),1042.33426975,301.00970006,1.6525533184E10,--,-,-
516332756,TRS_Innermost/Transformed_CSR_innermost_04/LISTUTILITIES_nosorts_C.xml,13156165,AProVE21,33789,certified,551426,timeout (wallclock),1003.13167853,301.062011957,1.6784605184E10,--,-,-
516332757,TRS_Innermost/Transformed_CSR_innermost_04/LengthOfFiniteLists_complete_noand_iGM.xml,13156166,AProVE21,33789,certified,551426,complete,426.007425215,164.718508005,1.6009048064E10,YES,CERTIFIED,57.51
516332758,TRS_Innermost/Transformed_CSR_innermost_04/Ex6_GM04_C.xml,13156167,AProVE21,33789,certified,551426,complete,11.657836268,3.78905010223,1.18984704E9,YES,CERTIFIED,0.21
516332759,TRS_Innermost/Transformed_CSR_innermost_04/Ex4_4_Luc96b_GM.xml,13156168,AProVE21,33789,certified,551426,complete,6.730992909,3.12258291245,4.96369664E8,YES,CERTIFIED,0.04
516332760,TRS_Innermost/Transformed_CSR_innermost_04/MYNAT_complete_noand_iGM.xml,13156169,AProVE21,33789,certified,551426,complete,718.360608078,262.397424221,1.187078144E10,YES,CERTIFIED,65.11
516332761,TRS_Innermost/Transformed_CSR_innermost_04/ExSec4_2_DLMMU04_C.xml,13156170,AProVE21,33789,certified,551426,timeout (wallclock),1037.61496819,301.068969011,1.6687017984E10,--,-,-
516332762,TRS_Innermost/Transformed_CSR_innermost_04/Ex3_12_Luc96a_GM.xml,13156171,AProVE21,33789,certified,551426,complete,867.291226023,291.9588449,1.183594496E10,--,-,-
516332763,TRS_Innermost/Transformed_CSR_innermost_04/LISTUTILITIES_nokinds_C.xml,13156172,AProVE21,33789,certified,551426,complete,778.869269165,292.426637173,1.1966959616E10,--,-,-
516332764,TRS_Innermost/Transformed_CSR_innermost_04/PEANO_nokinds_GM.xml,13156173,AProVE21,33789,certified,551426,complete,6.468190662,2.41803812981,4.77958144E8,YES,CERTIFIED,0.11
516332765,TRS_Innermost/Transformed_CSR_innermost_04/LengthOfFiniteLists_complete_noand_GM.xml,13156174,AProVE21,33789,certified,551426,complete,19.994056936,6.44557785988,1.350651904E9,YES,CERTIFIED,3.12
516332766,TRS_Innermost/Transformed_CSR_innermost_04/Ex23_Luc06_GM.xml,13156175,AProVE21,33789,certified,551426,complete,8.328201052,2.869109869,7.91310336E8,YES,CERTIFIED,0.05
516332767,TRS_Innermost/Transformed_CSR_innermost_04/LISTUTILITIES_complete_noand_C.xml,13156176,AProVE21,33789,certified,551426,complete,311.585335414,292.532186985,1.629175808E9,--,-,-
516332768,TRS_Innermost/Transformed_CSR_innermost_04/ExAppendixB_AEL03_C.xml,13156177,AProVE21,33789,certified,551426,complete,1051.45509249,298.385165215,1.6704602112E10,--,-,-
516332769,TRS_Innermost/Transformed_CSR_innermost_04/Ex1_2_AEL03_C.xml,13156178,AProVE21,33789,certified,551426,timeout (wallclock),1070.94073952,301.075745106,1.6596103168E10,--,-,-
516332770,TRS_Innermost/Transformed_CSR_innermost_04/LISTUTILITIES_complete_GM.xml,13156179,AProVE21,33789,certified,551426,complete,598.461993121,292.427309036,3.856961536E9,--,-,-
516332771,TRS_Innermost/Transformed_CSR_innermost_04/MYNAT_nokinds_noand_C.xml,13156180,AProVE21,33789,certified,551426,timeout (wallclock),1054.53287389,301.066449881,1.6764084224E10,--,-,-
516332772,TRS_Innermost/Transformed_CSR_innermost_04/Ex15_Luc98_GM.xml,13156181,AProVE21,33789,certified,551426,complete,6.293794022,2.36762809753,4.84540416E8,YES,CERTIFIED,0.16
516332773,TRS_Innermost/Transformed_CSR_innermost_04/Ex24_GM04_C.xml,13156182,AProVE21,33789,certified,551426,timeout (wallclock),988.980783936,301.042693138,1.6190316544E10,--,-,-
516332774,TRS_Innermost/Transformed_CSR_innermost_04/Ex6_GM04_GM.xml,13156183,AProVE21,33789,certified,551426,complete,5.691072883,2.18446516991,4.93453312E8,YES,CERTIFIED,0.12
516332775,TRS_Innermost/Transformed_CSR_innermost_04/ExProp7_Luc06_C.xml,13156184,AProVE21,33789,certified,551426,complete,33.660453487,9.56666493416,4.408569856E9,YES,CERTIFIED,0.45
516332776,TRS_Innermost/Transformed_CSR_innermost_04/ExProp7_Luc06_iGM.xml,13156185,AProVE21,33789,certified,551426,complete,15.4864072,11.5597038269,9.06092544E8,YES,CERTIFIED,0.38
516332777,TRS_Innermost/Transformed_CSR_innermost_04/LengthOfFiniteLists_nokinds_C.xml,13156186,AProVE21,33789,certified,551426,timeout (wallclock),965.869079244,301.05340004,1.6279912448E10,--,-,-
516332778,TRS_Innermost/Transformed_CSR_innermost_04/OvConsOS_nokinds_C.xml,13156187,AProVE21,33789,certified,551426,timeout (wallclock),1042.71403554,301.009687901,1.6606195712E10,--,-,-
516332779,TRS_Innermost/Transformed_CSR_innermost_04/PALINDROME_nosorts_noand_GM.xml,13156188,AProVE21,33789,certified,551426,complete,5.364093746,2.10531401634,4.77609984E8,YES,CERTIFIED,0.06
516332780,TRS_Innermost/Transformed_CSR_innermost_04/Ex3_3_25_Bor03_iGM.xml,13156189,AProVE21,33789,certified,551426,complete,12.72614595,10.6330189705,9.41879296E8,YES,CERTIFIED,0.59
516332781,TRS_Innermost/Transformed_CSR_innermost_04/Ex5_DLMMU04_iGM.xml,13156190,AProVE21,33789,certified,551426,complete,25.268178457,17.9488568306,1.255550976E9,YES,CERTIFIED,1.87
516332782,TRS_Innermost/Transformed_CSR_innermost_04/ExIntrod_GM04_GM.xml,13156191,AProVE21,33789,certified,551426,complete,7.734215867,2.97761702538,5.55257856E8,YES,CERTIFIED,0.29
516332783,TRS_Innermost/Transformed_CSR_innermost_04/Ex3_12_Luc96a_iGM.xml,13156192,AProVE21,33789,certified,551426,complete,822.507474958,292.091536045,9.716670464E9,--,-,-
516332784,TRS_Innermost/Transformed_CSR_innermost_04/MYNAT_complete_iGM.xml,13156193,AProVE21,33789,certified,551426,complete,11.168112914,3.76551914215,6.84294144E8,YES,CERTIFIED,0.67
516332785,TRS_Innermost/Transformed_CSR_innermost_04/LISTUTILITIES_nokinds_GM.xml,13156194,AProVE21,33789,certified,551426,complete,762.165989807,292.464131832,1.0888167424E10,--,-,-
516332786,TRS_Innermost/Transformed_CSR_innermost_04/PEANO_nosorts_iGM.xml,13156195,AProVE21,33789,certified,551426,complete,7.440488063,2.69764709473,5.36887296E8,YES,CERTIFIED,0.22
516332787,TRS_Innermost/Transformed_CSR_innermost_04/ExIntrod_Zan97_GM.xml,13156196,AProVE21,33789,certified,551426,timeout (wallclock),1012.01814712,301.055355072,2.021228544E10,--,-,-
516332788,TRS_Innermost/Transformed_CSR_innermost_04/LengthOfFiniteLists_nosorts_C.xml,13156197,AProVE21,33789,certified,551426,complete,968.062186113,292.116358995,1.6141213696E10,--,-,-
516332789,TRS_Innermost/Transformed_CSR_innermost_04/PEANO_nokinds_noand_GM.xml,13156198,AProVE21,33789,certified,551426,complete,8.730168775,3.08757805824,6.24070656E8,YES,CERTIFIED,0.29
516332790,TRS_Innermost/Transformed_CSR_innermost_04/OvConsOS_nosorts_C.xml,13156199,AProVE21,33789,certified,551426,timeout (wallclock),971.842062978,301.043950081,1.6263110656E10,--,-,-
516332791,TRS_Innermost/Transformed_CSR_innermost_04/PEANO_nokinds_iGM.xml,13156200,AProVE21,33789,certified,551426,complete,7.278052647,2.63935303688,5.11422464E8,YES,CERTIFIED,0.22
516332792,TRS_Innermost/Transformed_CSR_innermost_04/PALINDROME_nosorts_noand_C.xml,13156201,AProVE21,33789,certified,551426,complete,8.659002793,2.97981119156,6.06052352E8,YES,CERTIFIED,0.45
516332793,TRS_Innermost/Transformed_CSR_innermost_04/Ex2_Luc02a_L.xml,13156202,AProVE21,33789,certified,551426,complete,5.627808286,2.14101696014,4.75127808E8,YES,CERTIFIED,0.04
516332794,TRS_Innermost/Transformed_CSR_innermost_04/PALINDROME_complete_C.xml,13156203,AProVE21,33789,certified,551426,complete,15.048486644,5.24135708809,1.264267264E9,YES,CERTIFIED,2.06
516332795,TRS_Innermost/Transformed_CSR_innermost_04/Ex1_GM03_GM.xml,13156204,AProVE21,33789,certified,551426,complete,1134.0408913,292.401952982,1.6572010496E10,--,-,-
516332796,TRS_Innermost/Transformed_CSR_innermost_04/Ex4_7_77_Bor03_GM.xml,13156205,AProVE21,33789,certified,551426,complete,5.43984623,2.06639289856,4.82603008E8,YES,CERTIFIED,0.03
516332797,TRS_Innermost/Transformed_CSR_innermost_04/Ex15_Luc98_iGM.xml,13156206,AProVE21,33789,certified,551426,complete,11.017555611,3.65599608421,7.9056896E8,YES,CERTIFIED,1.06
516332798,TRS_Innermost/Transformed_CSR_innermost_04/Ex4_7_37_Bor03_C.xml,13156207,AProVE21,33789,certified,551426,complete,822.525456035,293.207299948,1.5842033664E10,--,-,-
516332799,TRS_Innermost/Transformed_CSR_innermost_04/PALINDROME_complete_noand_C.xml,13156208,AProVE21,33789,certified,551426,complete,27.255976721,8.78812193871,1.453019136E9,YES,CERTIFIED,4.68
516332800,TRS_Innermost/Transformed_CSR_innermost_04/Ex25_Luc06_GM.xml,13156209,AProVE21,33789,certified,551426,complete,9.232580037,3.16338706017,8.89679872E8,YES,CERTIFIED,0.10
516332801,TRS_Innermost/Transformed_CSR_innermost_04/MYNAT_nosorts_C.xml,13156210,AProVE21,33789,certified,551426,complete,7.809933398,2.75692892075,5.57973504E8,YES,CERTIFIED,0.27
516332802,TRS_Innermost/Transformed_CSR_innermost_04/Ex25_Luc06_iGM.xml,13156211,AProVE21,33789,certified,551426,complete,15.423926083,4.68588995934,1.279844352E9,YES,CERTIFIED,0.22
516332803,TRS_Innermost/Transformed_CSR_innermost_04/Ex24_Luc06_GM.xml,13156212,AProVE21,33789,certified,551426,complete,5.89560599,2.24613499641,4.86514688E8,YES,CERTIFIED,0.07
516332804,TRS_Innermost/Transformed_CSR_innermost_04/OvConsOS_complete_C.xml,13156213,AProVE21,33789,certified,551426,timeout (wallclock),951.212560309,301.02193284,1.4728359936E10,--,-,-
516332805,TRS_Innermost/Transformed_CSR_innermost_04/MYNAT_nokinds_C.xml,13156214,AProVE21,33789,certified,551426,complete,9.209745186,3.27675914764,6.3858688E8,YES,CERTIFIED,0.52
516332806,TRS_Innermost/Transformed_CSR_innermost_04/ExIntrod_GM99_iGM.xml,13156215,AProVE21,33789,certified,551426,complete,640.291289433,292.235141993,8.424321024E9,--,-,-
516332807,TRS_Innermost/Transformed_CSR_innermost_04/Ex6_Luc98_iGM.xml,13156216,AProVE21,33789,certified,551426,complete,8.914254769,3.11487603188,6.49007104E8,YES,CERTIFIED,0.33
516332808,TRS_Innermost/Transformed_CSR_innermost_04/LengthOfFiniteLists_nosorts_noand_GM.xml,13156217,AProVE21,33789,certified,551426,complete,12.644192372,4.14127898216,7.78149888E8,NO,CERTIFIED,0.27
516332809,TRS_Innermost/Transformed_CSR_innermost_04/MYNAT_complete_GM.xml,13156218,AProVE21,33789,certified,551426,complete,8.315296052,3.06019210815,5.65477376E8,YES,CERTIFIED,0.36
516332810,TRS_Innermost/Transformed_CSR_innermost_04/Ex4_7_56_Bor03_C.xml,13156219,AProVE21,33789,certified,551426,timeout (wallclock),977.477771137,301.018857956,1.6205975552E10,--,-,-
516332811,TRS_Innermost/Transformed_CSR_innermost_04/LengthOfFiniteLists_nokinds_noand_iGM.xml,13156220,AProVE21,33789,certified,551426,complete,53.675538098,23.5398850441,1.362702336E9,YES,CERTIFIED,5.36
516332812,TRS_Innermost/Transformed_CSR_innermost_04/Ex3_12_Luc96a_C.xml,13156221,AProVE21,33789,certified,551426,timeout (wallclock),1001.88806757,301.038058996,1.6214638592E10,--,-,-
516332813,TRS_Innermost/Transformed_CSR_innermost_04/Ex24_Luc06_iGM.xml,13156222,AProVE21,33789,certified,551426,complete,7.0736175,2.64935183525,5.0866176E8,YES,CERTIFIED,0.34
516332814,TRS_Innermost/Transformed_CSR_innermost_04/Ex1_GL02a_iGM.xml,13156223,AProVE21,33789,certified,551426,complete,7.107178028,2.90109205246,5.1908608E8,YES,CERTIFIED,0.46
516332815,TRS_Innermost/Transformed_CSR_innermost_04/OvConsOS_nokinds_noand_C.xml,13156224,AProVE21,33789,certified,551426,complete,1021.23181199,292.204432011,1.707876352E10,--,-,-
516332816,TRS_Innermost/Transformed_CSR_innermost_04/Ex4_7_56_Bor03_iGM.xml,13156225,AProVE21,33789,certified,551426,complete,20.114668919,6.13882708549,1.186484224E9,YES,CERTIFIED,0.60
516332817,TRS_Innermost/Transformed_CSR_innermost_04/Ex18_Luc06_iGM.xml,13156226,AProVE21,33789,certified,551426,complete,13.648755195,4.21575593948,1.205293056E9,YES,CERTIFIED,0.19
516332818,TRS_Innermost/Transformed_CSR_innermost_04/Ex1_GM03_C.xml,13156227,AProVE21,33789,certified,551426,complete,1019.53006888,299.244591951,1.6391856128E10,--,-,-
516332819,TRS_Innermost/Transformed_CSR_innermost_04/Ex25_Luc06_L.xml,13156228,AProVE21,33789,certified,551426,complete,5.00753323,2.02211213112,4.7271936E8,YES,CERTIFIED,0.02
516332820,TRS_Innermost/Transformed_CSR_innermost_04/Ex4_7_37_Bor03_iGM.xml,13156229,AProVE21,33789,certified,551426,complete,762.755060709,292.087882042,1.6234921984E10,--,-,-
516332821,TRS_Innermost/Transformed_CSR_innermost_04/Ex9_Luc06_C.xml,13156230,AProVE21,33789,certified,551426,complete,37.397310852,19.5739569664,1.616617472E9,YES,CERTIFIED,0.28
516332822,TRS_Innermost/Transformed_CSR_innermost_04/Ex6_9_Luc02c_C.xml,13156231,AProVE21,33789,certified,551426,complete,6.785404116,2.48161101341,5.07318272E8,YES,CERTIFIED,0.17
516332823,TRS_Innermost/Transformed_CSR_innermost_04/LengthOfFiniteLists_complete_C.xml,13156232,AProVE21,33789,certified,551426,timeout (wallclock),996.102311385,301.049890041,1.6973692928E10,--,-,-
516332824,TRS_Innermost/Transformed_CSR_innermost_04/ExIntrod_GM01_C.xml,13156233,AProVE21,33789,certified,551426,complete,10.930141863,3.65545010567,7.26126592E8,YES,CERTIFIED,1.05
516332825,TRS_Innermost/Transformed_CSR_innermost_04/Ex26_Luc03b_C.xml,13156234,AProVE21,33789,certified,551426,complete,15.23878612,4.6917860508,1.671335936E9,YES,CERTIFIED,1.54
516332826,TRS_Innermost/Transformed_CSR_innermost_04/PALINDROME_complete_noand_iGM.xml,13156235,AProVE21,33789,certified,551426,complete,20.657541759,6.55134797096,1.108590592E9,YES,CERTIFIED,2.04
516332827,TRS_Innermost/Transformed_CSR_innermost_04/Ex4_4_Luc96b_iGM.xml,13156236,AProVE21,33789,certified,551426,complete,6.570400951,2.44529795647,4.78625792E8,YES,CERTIFIED,0.12
516332828,TRS_Innermost/Transformed_CSR_innermost_04/Ex4_7_37_Bor03_GM.xml,13156237,AProVE21,33789,certified,551426,timeout (wallclock),1123.85963142,301.052577019,1.5910514688E10,--,-,-
516332829,TRS_Innermost/Transformed_CSR_innermost_04/LengthOfFiniteLists_complete_noand_C.xml,13156238,AProVE21,33789,certified,551426,timeout (wallclock),919.88236656,301.045958042,1.7044168704E10,--,-,-
516332830,TRS_Innermost/Transformed_CSR_innermost_04/Ex1_2_AEL03_iGM.xml,13156239,AProVE21,33789,certified,551426,complete,128.651630674,45.3936729431,9.776480256E9,YES,CERTIFIED,4.04
516332831,TRS_Innermost/Transformed_CSR_innermost_04/OvConsOS_complete_iGM.xml,13156240,AProVE21,33789,certified,551426,complete,777.95135045,292.467103004,1.5055003648E10,--,-,-
516332832,TRS_Innermost/Transformed_CSR_innermost_04/MYNAT_nokinds_noand_iGM.xml,13156241,AProVE21,33789,certified,551426,complete,74.314197861,24.371104002,1.507598336E9,YES,CERTIFIED,5.89
516332833,TRS_Innermost/Transformed_CSR_innermost_04/ExAppendixB_AEL03_GM.xml,13156242,AProVE21,33789,certified,551426,complete,170.518402604,51.2010118961,1.66402048E9,YES,CERTIFIED,3.15
516332834,TRS_Innermost/Transformed_CSR_innermost_04/OvConsOS_complete_noand_GM.xml,13156243,AProVE21,33789,certified,551426,complete,41.510232485,12.9553339481,1.402134528E9,YES,CERTIFIED,6.22
516332835,TRS_Innermost/Transformed_CSR_innermost_04/Ex9_BLR02_C.xml,13156244,AProVE21,33789,certified,551426,complete,11.62998775,3.79828000069,7.15563008E8,YES,CERTIFIED,1.32
516332836,TRS_Innermost/Transformed_CSR_innermost_04/Ex4_4_Luc96b_C.xml,13156245,AProVE21,33789,certified,551426,complete,6.27848284,2.40691494942,4.80915456E8,YES,CERTIFIED,0.10
516332837,TRS_Innermost/Transformed_CSR_innermost_04/ExIntrod_GM04_iGM.xml,13156246,AProVE21,33789,certified,551426,complete,12.054340908,4.01788592339,7.75286784E8,YES,CERTIFIED,0.83
516332838,TRS_Innermost/Transformed_CSR_innermost_04/OvConsOS_complete_GM.xml,13156247,AProVE21,33789,certified,551426,timeout (wallclock),994.750576258,301.025332928,1.642913792E10,--,-,-
516332839,TRS_Innermost/Transformed_CSR_innermost_04/Ex6_Luc98_C.xml,13156248,AProVE21,33789,certified,551426,complete,9.150002059,3.17178201675,5.88075008E8,YES,CERTIFIED,0.68
516332840,TRS_Innermost/Transformed_CSR_innermost_04/Ex3_3_25_Bor03_C.xml,13156249,AProVE21,33789,certified,551426,complete,10.719422358,3.53044605255,6.65575424E8,YES,CERTIFIED,1.11
516332841,TRS_Innermost/Transformed_CSR_innermost_04/Ex2_Luc03b_C.xml,13156250,AProVE21,33789,certified,551426,complete,10.253393956,3.50059008598,6.50428416E8,YES,CERTIFIED,1.04
516332842,TRS_Innermost/Transformed_CSR_innermost_04/LengthOfFiniteLists_nosorts_noand_C.xml,13156251,AProVE21,33789,certified,551426,timeout (wallclock),957.399184494,301.008691788,1.619970048E10,--,-,-
516332843,TRS_Innermost/Transformed_CSR_innermost_04/PEANO_nosorts_GM.xml,13156252,AProVE21,33789,certified,551426,complete,5.692748684,3.27022695541,4.7644672E8,YES,CERTIFIED,0.04
516332844,TRS_Innermost/Transformed_CSR_innermost_04/Ex4_Zan97_C.xml,13156253,AProVE21,33789,certified,551426,complete,998.788923502,299.692800045,1.3146947584E10,--,-,-
516332845,TRS_Innermost/Transformed_CSR_innermost_04/Ex7_BLR02_GM.xml,13156254,AProVE21,33789,certified,551426,complete,795.7964692,292.074085951,1.6061960192E10,--,-,-
516332846,TRS_Innermost/Transformed_CSR_innermost_04/PALINDROME_nokinds_iGM.xml,13156255,AProVE21,33789,certified,551426,complete,8.519827217,2.94051814079,5.96774912E8,YES,CERTIFIED,0.49
516332847,TRS_Innermost/Transformed_CSR_innermost_04/Ex18_Luc06_GM.xml,13156256,AProVE21,33789,certified,551426,complete,9.164234846,3.13300585747,8.81815552E8,YES,CERTIFIED,0.07
516332848,TRS_Innermost/Transformed_CSR_innermost_04/PALINDROME_nosorts_iGM.xml,13156257,AProVE21,33789,certified,551426,complete,7.544281563,2.70035099983,5.2852736E8,YES,CERTIFIED,0.21
516332849,TRS_Innermost/Transformed_CSR_innermost_04/Ex23_Luc06_C.xml,13156258,AProVE21,33789,certified,551426,complete,13.873959663,4.33852601051,1.205981184E9,YES,CERTIFIED,0.23
516332850,TRS_Innermost/Transformed_CSR_innermost_04/LISTUTILITIES_nokinds_noand_C.xml,13156259,AProVE21,33789,certified,551426,complete,903.397671785,292.511864185,1.194518528E10,--,-,-
516332851,TRS_Innermost/Transformed_CSR_innermost_04/Ex1_GM99_GM.xml,13156260,AProVE21,33789,certified,551426,complete,6.35911882,2.36294198036,4.89852928E8,YES,CERTIFIED,0.05
516332852,TRS_Innermost/Transformed_CSR_innermost_04/LISTUTILITIES_nosorts_noand_iGM.xml,13156261,AProVE21,33789,certified,551426,complete,611.22681987,292.365885973,1.05882624E10,--,-,-
516332853,TRS_Innermost/Transformed_CSR_innermost_04/PALINDROME_nosorts_noand_iGM.xml,13156262,AProVE21,33789,certified,551426,complete,6.993403639,2.53750681877,5.25021184E8,YES,CERTIFIED,0.21
516332854,TRS_Innermost/Transformed_CSR_innermost_04/ExConc_Zan97_C.xml,13156263,AProVE21,33789,certified,551426,complete,14.086372897,4.32919096947,1.204236288E9,YES,CERTIFIED,0.14
516332855,TRS_Innermost/Transformed_CSR_innermost_04/LISTUTILITIES_nosorts_GM.xml,13156264,AProVE21,33789,certified,551426,complete,862.048379127,292.656754971,1.3600608256E10,--,-,-
516332856,TRS_Innermost/Transformed_CSR_innermost_04/Ex4_7_15_Bor03_iGM.xml,13156265,AProVE21,33789,certified,551426,complete,8.878628329,3.23588109016,6.1437952E8,YES,CERTIFIED,0.32
516332857,TRS_Innermost/Transformed_CSR_innermost_04/Ex18_Luc06_L.xml,13156266,AProVE21,33789,certified,551426,complete,4.588231346,1.96189904213,4.6635008E8,YES,CERTIFIED,0.01
516332858,TRS_Innermost/Transformed_CSR_innermost_04/Ex1_GL02a_GM.xml,13156267,AProVE21,33789,certified,551426,complete,6.105878202,2.29803991318,4.78306304E8,YES,CERTIFIED,0.09
516332859,TRS_Innermost/Transformed_CSR_innermost_04/Ex1_Luc04b_iGM.xml,13156268,AProVE21,33789,certified,551426,complete,10.399851914,3.5607919693,6.92629504E8,YES,CERTIFIED,0.67
516332860,TRS_Innermost/Transformed_CSR_innermost_04/Ex2_Luc02a_GM.xml,13156269,AProVE21,33789,certified,551426,complete,10.038463387,3.37761497498,6.50211328E8,YES,CERTIFIED,0.17
516332861,TRS_Innermost/Transformed_CSR_innermost_04/PALINDROME_complete_iGM.xml,13156270,AProVE21,33789,certified,551426,complete,11.430711446,4.0919470787,7.60356864E8,YES,CERTIFIED,0.97
516332862,TRS_Innermost/Transformed_CSR_innermost_04/LengthOfFiniteLists_nosorts_iGM.xml,13156271,AProVE21,33789,certified,551426,complete,567.318897618,291.998308897,1.3828952064E10,--,-,-
516332863,TRS_Innermost/Transformed_CSR_innermost_04/MYNAT_nokinds_noand_GM.xml,13156272,AProVE21,33789,certified,551426,complete,16.908627421,5.38392186165,9.16967424E8,YES,CERTIFIED,0.57
516332864,TRS_Innermost/Transformed_CSR_innermost_04/Ex3_3_25_Bor03_GM.xml,13156273,AProVE21,33789,certified,551426,complete,8.181491769,2.8305311203,5.52128512E8,YES,CERTIFIED,0.16
516332865,TRS_Innermost/Transformed_CSR_innermost_04/ExIntrod_Zan97_C.xml,13156274,AProVE21,33789,certified,551426,timeout (wallclock),1019.47791556,301.008605003,1.6345186304E10,--,-,-
516332866,TRS_Innermost/Transformed_CSR_innermost_04/Ex1_GM03_iGM.xml,13156275,AProVE21,33789,certified,551426,timeout (wallclock),867.526838821,301.055693865,1.6655745024E10,--,-,-
516332867,TRS_Innermost/Transformed_CSR_innermost_04/LengthOfFiniteLists_nokinds_iGM.xml,13156276,AProVE21,33789,certified,551426,complete,287.960056737,110.696632147,7.253508096E9,YES,CERTIFIED,3.75
516332868,TRS_Innermost/Transformed_CSR_innermost_04/ExIntrod_Zan97_iGM.xml,13156277,AProVE21,33789,certified,551426,timeout (wallclock),1072.18909162,301.055620193,2.0016431104E10,--,-,-
516332869,TRS_Innermost/Transformed_CSR_innermost_04/LISTUTILITIES_complete_C.xml,13156278,AProVE21,33789,certified,551426,timeout (wallclock),1049.71266613,301.055695057,1.787355136E10,--,-,-
516332870,TRS_Innermost/Transformed_CSR_innermost_04/ExConc_Zan97_iGM.xml,13156279,AProVE21,33789,certified,551426,complete,12.071696925,3.83759713173,1.223143424E9,YES,CERTIFIED,0.11
516332871,TRS_Innermost/Transformed_CSR_innermost_04/MYNAT_nosorts_iGM.xml,13156280,AProVE21,33789,certified,551426,complete,7.393767311,8.43894386292,5.16530176E8,YES,CERTIFIED,0.21
516332872,TRS_Innermost/Transformed_CSR_innermost_04/MYNAT_nokinds_iGM.xml,13156281,AProVE21,33789,certified,551426,complete,9.158070294,3.11945605278,6.00633344E8,YES,CERTIFIED,0.46
516332873,TRS_Innermost/Transformed_CSR_innermost_04/Ex26_Luc03b_L.xml,13156282,AProVE21,33789,certified,551426,complete,5.300489013,2.15072083473,4.87227392E8,YES,CERTIFIED,0.03
516332874,TRS_Innermost/Transformed_CSR_innermost_04/Ex15_Luc98_C.xml,13156283,AProVE21,33789,certified,551426,complete,10.52023081,3.5028090477,6.80873984E8,YES,CERTIFIED,1.26
516332875,TRS_Innermost/Transformed_CSR_innermost_04/Ex15_Luc06_iGM.xml,13156284,AProVE21,33789,certified,551426,complete,11.470188519,3.65943598747,1.191936E9,YES,CERTIFIED,0.10
516332876,TRS_Innermost/Transformed_CSR_innermost_04/Ex9_Luc04_iGM.xml,13156285,AProVE21,33789,certified,551426,timeout (wallclock),812.645917201,301.061161995,1.4591328256E10,--,-,-
516332877,TRS_Innermost/Transformed_CSR_innermost_04/Ex5_DLMMU04_GM.xml,13156286,AProVE21,33789,certified,551426,complete,11.531053805,3.82573080063,7.3908224E8,YES,CERTIFIED,1.03
516332878,TRS_Innermost/Transformed_CSR_innermost_04/PEANO_nosorts_C.xml,13156287,AProVE21,33789,certified,551426,complete,7.540129579,2.65174102783,5.49515264E8,YES,CERTIFIED,0.29
516332879,TRS_Innermost/Transformed_CSR_innermost_04/PALINDROME_nokinds_noand_C.xml,13156288,AProVE21,33789,certified,551426,complete,14.350809881,4.46141910553,1.19672832E9,YES,CERTIFIED,1.83
516332880,TRS_Innermost/Transformed_CSR_innermost_04/OvConsOS_nosorts_noand_iGM.xml,13156289,AProVE21,33789,certified,551426,complete,576.503754663,292.223819017,1.008707584E10,--,-,-
516332881,TRS_Innermost/Transformed_CSR_innermost_04/Ex1_Luc02b_GM.xml,13156290,AProVE21,33789,certified,551426,timeout (wallclock),907.716612647,301.077605009,1.577515008E10,--,-,-
516332882,TRS_Innermost/Transformed_CSR_innermost_04/Ex7_BLR02_iGM.xml,13156291,AProVE21,33789,certified,551426,complete,722.276482784,292.056904078,1.626187776E10,--,-,-
516332883,TRS_Innermost/Transformed_CSR_innermost_04/Ex9_BLR02_L.xml,13156292,AProVE21,33789,certified,551426,complete,5.426762054,2.08604812622,4.78478336E8,YES,CERTIFIED,0.03
516332884,TRS_Innermost/Transformed_CSR_innermost_04/Ex6_Luc98_GM.xml,13156293,AProVE21,33789,certified,551426,complete,6.985388422,2.4888048172,4.99113984E8,YES,CERTIFIED,0.07
516332885,TRS_Innermost/Transformed_CSR_innermost_04/Ex4_4_Luc96b_L.xml,13156294,AProVE21,33789,certified,551426,complete,4.84581088,1.91385889053,4.70679552E8,YES,CERTIFIED,0.01
516332886,TRS_Innermost/Transformed_CSR_innermost_04/Ex15_Luc06_C.xml,13156295,AProVE21,33789,certified,551426,complete,14.804653136,4.55916690826,1.213968384E9,YES,CERTIFIED,0.26
516332887,TRS_Innermost/Transformed_CSR_innermost_04/Ex6_Luc98_L.xml,13156296,AProVE21,33789,certified,551426,complete,5.463724602,2.05697917938,4.86858752E8,YES,CERTIFIED,0.02
516332888,TRS_Innermost/Transformed_CSR_innermost_04/Ex3_3_25_Bor03_L.xml,13156297,AProVE21,33789,certified,551426,complete,5.424296504,2.04896879196,4.82402304E8,YES,CERTIFIED,0.02
516332889,TRS_Innermost/Transformed_CSR_innermost_04/PEANO_nokinds_C.xml,13156298,AProVE21,33789,certified,551426,pending submission,0.0,0.0,0.0,--,-,-
516332890,TRS_Innermost/Transformed_CSR_innermost_04/Ex2_Luc03b_L.xml,13156299,AProVE21,33789,certified,551426,complete,5.373519973,2.09739995003,4.73055232E8,YES,CERTIFIED,0.02
516332891,TRS_Innermost/Transformed_CSR_innermost_04/MYNAT_complete_noand_C.xml,13156300,AProVE21,33789,certified,551426,timeout (wallclock),941.052536239,301.052062988,1.7155411968E10,--,-,-
516332892,TRS_Innermost/Transformed_CSR_innermost_04/PEANO_nokinds_noand_iGM.xml,13156301,AProVE21,33789,certified,551426,complete,30.161553861,8.99634003639,1.268744192E9,YES,CERTIFIED,2.50
516332893,TRS_Innermost/Transformed_CSR_innermost_04/Ex1_Luc02b_iGM.xml,13156302,AProVE21,33789,certified,551426,complete,662.652978664,292.562646151,1.0731700224E10,--,-,-
516332894,TRS_Innermost/Transformed_CSR_innermost_04/Ex2_Luc02a_iGM.xml,13156303,AProVE21,33789,certified,551426,complete,15.168151925,4.90739798546,1.12365568E9,YES,CERTIFIED,0.77
516332895,TRS_Innermost/Transformed_CSR_innermost_04/OvConsOS_nokinds_GM.xml,13156304,AProVE21,33789,certified,551426,timeout (wallclock),912.208277803,301.057186127,1.635770368E10,--,-,-
516332896,TRS_Innermost/Transformed_CSR_innermost_04/Ex5_Zan97_GM.xml,13156305,AProVE21,33789,certified,551426,complete,6.452699098,2.74363207817,4.90348544E8,YES,CERTIFIED,0.11
516332897,TRS_Innermost/Transformed_CSR_innermost_04/Ex5_7_Luc97_GM.xml,13156306,AProVE21,33789,certified,551426,complete,1161.05904107,292.686197042,1.644713984E10,--,-,-
516332898,TRS_Innermost/Transformed_CSR_innermost_04/MYNAT_nosorts_noand_C.xml,13156307,AProVE21,33789,certified,551426,complete,9.023884103,3.16570591927,6.6684928E8,YES,CERTIFIED,0.56
516332899,TRS_Innermost/Transformed_CSR_innermost_04/Ex49_GM04_iGM.xml,13156308,AProVE21,33789,certified,551426,complete,13.647239542,4.5944480896,9.66967296E8,YES,CERTIFIED,0.96
516332900,TRS_Innermost/Transformed_CSR_innermost_04/Ex5_DLMMU04_C.xml,13156309,AProVE21,33789,certified,551426,complete,14.868839487,4.67984604836,1.002921984E9,YES,CERTIFIED,2.09
516332901,TRS_Innermost/Transformed_CSR_innermost_04/Ex9_Luc04_C.xml,13156310,AProVE21,33789,certified,551426,complete,899.140630874,292.177841187,1.6142237696E10,--,-,-
516332902,TRS_Innermost/Transformed_CSR_innermost_04/Ex49_GM04_C.xml,13156311,AProVE21,33789,certified,551426,complete,9.937861018,4.07285785675,6.22465024E8,YES,CERTIFIED,0.74
516332903,TRS_Innermost/Transformed_CSR_innermost_04/ExAppendixB_AEL03_iGM.xml,13156312,AProVE21,33789,certified,551426,complete,171.338285191,53.5059359074,2.440237056E9,YES,CERTIFIED,4.99
516332904,TRS_Innermost/Transformed_CSR_innermost_04/Ex4_Zan97_GM.xml,13156313,AProVE21,33789,certified,551426,enqueued,0.0,0.0,0.0,--,-,-
516332905,TRS_Innermost/Transformed_CSR_innermost_04/OvConsOS_nokinds_iGM.xml,13156314,AProVE21,33789,certified,551426,pending submission,0.0,0.0,0.0,--,-,-
516332906,TRS_Innermost/Transformed_CSR_innermost_04/PALINDROME_nokinds_GM.xml,13156315,AProVE21,33789,certified,551426,complete,5.914756041,2.21797704697,4.7908864E8,YES,CERTIFIED,0.13
516332907,TRS_Innermost/Transformed_CSR_innermost_04/ExSec11_1_Luc02a_GM.xml,13156316,AProVE21,33789,certified,551426,complete,10.758164379,3.57252597809,6.92748288E8,YES,CERTIFIED,0.21
516332908,TRS_Innermost/Transformed_CSR_innermost_04/Ex25_Luc06_C.xml,13156317,AProVE21,33789,certified,551426,complete,14.951654728,4.53710699081,1.223831552E9,YES,CERTIFIED,0.19
516332909,TRS_Innermost/Transformed_CSR_innermost_04/MYNAT_nosorts_noand_GM.xml,13156318,AProVE21,33789,certified,551426,complete,6.490949473,2.3904941082,4.8183296E8,YES,CERTIFIED,0.15
516332910,TRS_Innermost/Transformed_CSR_innermost_04/OvConsOS_nosorts_iGM.xml,13156319,AProVE21,33789,certified,551426,timeout (wallclock),945.225332646,301.007642031,1.3452742656E10,--,-,-
516332911,TRS_Innermost/Transformed_CSR_innermost_04/Ex1_2_Luc02c_iGM.xml,13156320,AProVE21,33789,certified,551426,complete,12.425267442,4.01362395287,7.926784E8,YES,CERTIFIED,0.37
516332912,TRS_Innermost/Transformed_CSR_innermost_04/Ex6_9_Luc02c_iGM.xml,13156321,AProVE21,33789,certified,551426,complete,19.945113105,14.8428690434,1.2116992E9,YES,CERTIFIED,0.65
516332913,TRS_Innermost/Transformed_CSR_innermost_04/LengthOfFiniteLists_nokinds_noand_GM.xml,13156322,AProVE21,33789,certified,551426,pending submission,0.0,0.0,0.0,--,-,-
516332914,TRS_Innermost/Transformed_CSR_innermost_04/Ex9_BLR02_GM.xml,13156323,AProVE21,33789,certified,551426,enqueued,0.0,0.0,0.0,--,-,-
516332915,TRS_Innermost/Transformed_CSR_innermost_04/Ex16_Luc06_GM.xml,13156324,AProVE21,33789,certified,551426,pending submission,0.0,0.0,0.0,--,-,-
516332916,TRS_Innermost/Transformed_CSR_innermost_04/Ex23_Luc06_iGM.xml,13156325,AProVE21,33789,certified,551426,enqueued,0.0,0.0,0.0,--,-,-
516332917,TRS_Innermost/Transformed_CSR_innermost_04/Ex18_Luc06_C.xml,13156326,AProVE21,33789,certified,551426,enqueued,0.0,0.0,0.0,--,-,-
516332918,TRS_Innermost/Transformed_CSR_innermost_04/ExSec4_2_DLMMU04_iGM.xml,13156327,AProVE21,33789,certified,551426,enqueued,0.0,0.0,0.0,--,-,-
516332919,TRS_Innermost/Transformed_CSR_innermost_04/PALINDROME_complete_GM.xml,13156328,AProVE21,33789,certified,551426,enqueued,0.0,0.0,0.0,--,-,-
516332920,TRS_Innermost/Transformed_CSR_innermost_04/Ex1_Zan97_GM.xml,13156329,AProVE21,33789,certified,551426,pending submission,0.0,0.0,0.0,--,-,-
516332921,TRS_Innermost/Transformed_CSR_innermost_04/Ex6_9_Luc02c_GM.xml,13156330,AProVE21,33789,certified,551426,pending submission,0.0,0.0,0.0,--,-,-
516332922,TRS_Innermost/Transformed_CSR_innermost_04/Ex5_7_Luc97_C.xml,13156331,AProVE21,33789,certified,551426,pending submission,0.0,0.0,0.0,--,-,-
516332923,TRS_Innermost/Transformed_CSR_innermost_04/MYNAT_nokinds_GM.xml,13156332,AProVE21,33789,certified,551426,pending submission,0.0,0.0,0.0,--,-,-
516332924,TRS_Innermost/Transformed_CSR_innermost_04/OvConsOS_complete_noand_iGM.xml,13156333,AProVE21,33789,certified,551426,pending submission,0.0,0.0,0.0,--,-,-
516332925,TRS_Innermost/Transformed_CSR_innermost_04/Ex8_BLR02_GM.xml,13156334,AProVE21,33789,certified,551426,pending submission,0.0,0.0,0.0,--,-,-
516332926,TRS_Innermost/Transformed_CSR_innermost_04/Ex6_15_AEL02_C.xml,13156335,AProVE21,33789,certified,551426,pending submission,0.0,0.0,0.0,--,-,-
516332927,TRS_Innermost/Transformed_CSR_innermost_04/Ex4_Zan97_iGM.xml,13156336,AProVE21,33789,certified,551426,pending submission,0.0,0.0,0.0,--,-,-
516332928,TRS_Innermost/Transformed_CSR_innermost_04/PEANO_nokinds_noand_C.xml,13156337,AProVE21,33789,certified,551426,pending submission,0.0,0.0,0.0,--,-,-
516332929,TRS_Innermost/Transformed_CSR_innermost_04/PEANO_complete_C.xml,13156338,AProVE21,33789,certified,551426,pending submission,0.0,0.0,0.0,--,-,-
516332930,TRS_Innermost/Transformed_CSR_innermost_04/Ex49_GM04_GM.xml,13156339,AProVE21,33789,certified,551426,enqueued,0.0,0.0,0.0,--,-,-
516332931,TRS_Innermost/Transformed_CSR_innermost_04/Ex8_BLR02_iGM.xml,13156340,AProVE21,33789,certified,551426,pending submission,0.0,0.0,0.0,--,-,-
516332932,TRS_Innermost/Transformed_CSR_innermost_04/Ex23_Luc06_L.xml,13156341,AProVE21,33789,certified,551426,enqueued,0.0,0.0,0.0,--,-,-
516332933,TRS_Innermost/Transformed_CSR_innermost_04/Ex24_GM04_GM.xml,13156342,AProVE21,33789,certified,551426,enqueued,0.0,0.0,0.0,--,-,-
516332934,TRS_Innermost/Transformed_CSR_innermost_04/Ex15_Luc06_GM.xml,13156343,AProVE21,33789,certified,551426,enqueued,0.0,0.0,0.0,--,-,-
516332935,TRS_Innermost/Transformed_CSR_innermost_04/ExConc_Zan97_GM.xml,13156344,AProVE21,33789,certified,551426,enqueued,0.0,0.0,0.0,--,-,-
516332936,TRS_Innermost/Transformed_CSR_innermost_04/ExProp7_Luc06_GM.xml,13156345,AProVE21,33789,certified,551426,pending submission,0.0,0.0,0.0,--,-,-
516332937,TRS_Innermost/Transformed_CSR_innermost_04/LISTUTILITIES_complete_noand_GM.xml,13156346,AProVE21,33789,certified,551426,pending submission,0.0,0.0,0.0,--,-,-
516332938,TRS_Innermost/Transformed_CSR_innermost_04/Ex14_Luc06_GM.xml,13156347,AProVE21,33789,certified,551426,pending submission,0.0,0.0,0.0,--,-,-
516332939,TRS_Innermost/Transformed_CSR_innermost_04/Ex1_Zan97_iGM.xml,13156348,AProVE21,33789,certified,551426,pending submission,0.0,0.0,0.0,--,-,-
516332940,TRS_Innermost/Transformed_CSR_innermost_04/ExIntrod_GM01_GM.xml,13156349,AProVE21,33789,certified,551426,pending submission,0.0,0.0,0.0,--,-,-
516332941,TRS_Innermost/Transformed_CSR_innermost_04/ExConc_Zan97_L.xml,13156350,AProVE21,33789,certified,551426,pending submission,0.0,0.0,0.0,--,-,-
516332942,TRS_Innermost/Transformed_CSR_innermost_04/ExIntrod_GM01_iGM.xml,13156351,AProVE21,33789,certified,551426,pending submission,0.0,0.0,0.0,--,-,-
516332943,TRS_Innermost/Transformed_CSR_innermost_04/Ex1_GL02a_C.xml,13156352,AProVE21,33789,certified,551426,pending submission,0.0,0.0,0.0,--,-,-
516332944,TRS_Innermost/Transformed_CSR_innermost_04/Ex3_2_Luc97_C.xml,13156353,AProVE21,33789,certified,551426,pending submission,0.0,0.0,0.0,--,-,-
516332945,TRS_Innermost/Transformed_CSR_innermost_04/Ex1_2_Luc02c_C.xml,13156354,AProVE21,33789,certified,551426,pending submission,0.0,0.0,0.0,--,-,-
516332946,TRS_Innermost/Transformed_CSR_innermost_04/Ex1_2_Luc02c_GM.xml,13156355,AProVE21,33789,certified,551426,pending submission,0.0,0.0,0.0,--,-,-
516332947,TRS_Innermost/Transformed_CSR_innermost_04/PALINDROME_complete_noand_GM.xml,13156356,AProVE21,33789,certified,551426,pending submission,0.0,0.0,0.0,--,-,-
516332948,TRS_Innermost/Transformed_CSR_innermost_04/LengthOfFiniteLists_complete_GM.xml,13156357,AProVE21,33789,certified,551426,pending submission,0.0,0.0,0.0,--,-,-
516332949,TRS_Innermost/Transformed_CSR_innermost_04/LengthOfFiniteLists_nosorts_GM.xml,13156358,AProVE21,33789,certified,551426,pending submission,0.0,0.0,0.0,--,-,-
516332950,TRS_Innermost/Transformed_CSR_innermost_04/Ex4_7_15_Bor03_GM.xml,13156359,AProVE21,33789,certified,551426,pending submission,0.0,0.0,0.0,--,-,-
516332951,TRS_Innermost/Transformed_CSR_innermost_04/Ex3_2_Luc97_iGM.xml,13156360,AProVE21,33789,certified,551426,pending submission,0.0,0.0,0.0,--,-,-
516332952,TRS_Innermost/raML/queue.raml.xml,13156076,AProVE21,33789,certified,551426,pending submission,0.0,0.0,0.0,--,-,-
516332953,TRS_Innermost/raML/appendAll.raml.xml,13156077,AProVE21,33789,certified,551426,pending submission,0.0,0.0,0.0,--,-,-
516332954,TRS_Innermost/raML/rationalPotential.raml.xml,13156078,AProVE21,33789,certified,551426,pending submission,0.0,0.0,0.0,--,-,-
516332955,TRS_Innermost/raML/subtrees.raml.xml,13156079,AProVE21,33789,certified,551426,pending submission,0.0,0.0,0.0,--,-,-
516332956,TRS_Innermost/Mixed_innermost/muladd.xml,13156046,AProVE21,33789,certified,551426,pending submission,0.0,0.0,0.0,--,-,-
516332957,TRS_Innermost/Mixed_innermost/bn111.xml,13156047,AProVE21,33789,certified,551426,pending submission,0.0,0.0,0.0,--,-,-
516332958,TRS_Innermost/Mixed_innermost/cade13.xml,13156048,AProVE21,33789,certified,551426,pending submission,0.0,0.0,0.0,--,-,-
516332959,TRS_Innermost/Mixed_innermost/innermost4.xml,13156049,AProVE21,33789,certified,551426,pending submission,0.0,0.0,0.0,--,-,-
516332960,TRS_Innermost/Mixed_innermost/innermost3.xml,13156050,AProVE21,33789,certified,551426,pending submission,0.0,0.0,0.0,--,-,-
516332961,TRS_Innermost/Mixed_innermost/test10.xml,13156051,AProVE21,33789,certified,551426,pending submission,0.0,0.0,0.0,--,-,-
516332962,TRS_Innermost/Mixed_innermost/toyama.xml,13156052,AProVE21,33789,certified,551426,pending submission,0.0,0.0,0.0,--,-,-
516332963,TRS_Innermost/Mixed_innermost/cade05.xml,13156053,AProVE21,33789,certified,551426,pending submission,0.0,0.0,0.0,--,-,-
516332964,TRS_Innermost/Mixed_innermost/thiemann28i.xml,13156054,AProVE21,33789,certified,551426,pending submission,0.0,0.0,0.0,--,-,-
516332965,TRS_Innermost/Mixed_innermost/innermost2.xml,13156055,AProVE21,33789,certified,551426,pending submission,0.0,0.0,0.0,--,-,-
516332966,TRS_Innermost/Mixed_innermost/test75.xml,13156056,AProVE21,33789,certified,551426,pending submission,0.0,0.0,0.0,--,-,-
516332967,TRS_Innermost/Mixed_innermost/innermost5.xml,13156057,AProVE21,33789,certified,551426,pending submission,0.0,0.0,0.0,--,-,-
516332968,TRS_Innermost/Mixed_innermost/cade12.xml,13156058,AProVE21,33789,certified,551426,pending submission,0.0,0.0,0.0,--,-,-
516332969,TRS_Innermost/Mixed_innermost/narrow1.xml,13156059,AProVE21,33789,certified,551426,pending submission,0.0,0.0,0.0,--,-,-
516332970,TRS_Innermost/Mixed_innermost/wiehe13.xml,13156060,AProVE21,33789,certified,551426,pending submission,0.0,0.0,0.0,--,-,-
516332971,TRS_Innermost/Mixed_innermost/wiehe14.xml,13156061,AProVE21,33789,certified,551426,pending submission,0.0,0.0,0.0,--,-,-
516332972,TRS_Innermost/Mixed_innermost/cade04.xml,13156062,AProVE21,33789,certified,551426,pending submission,0.0,0.0,0.0,--,-,-
516332973,TRS_Innermost/Mixed_innermost/n001.xml,13156063,AProVE21,33789,certified,551426,pending submission,0.0,0.0,0.0,--,-,-
516332974,TRS_Innermost/Mixed_innermost/run_again2.xml,13156064,AProVE21,33789,certified,551426,pending submission,0.0,0.0,0.0,--,-,-
516332975,TRS_Innermost/Mixed_innermost/test830.xml,13156065,AProVE21,33789,certified,551426,pending submission,0.0,0.0,0.0,--,-,-
516332976,TRS_Innermost/Mixed_innermost/run_again1.xml,13156066,AProVE21,33789,certified,551426,pending submission,0.0,0.0,0.0,--,-,-
516332977,TRS_Innermost/Mixed_innermost/test833.xml,13156067,AProVE21,33789,certified,551426,pending submission,0.0,0.0,0.0,--,-,-
516332978,TRS_Innermost/Mixed_innermost/tricky1.xml,13156068,AProVE21,33789,certified,551426,pending submission,0.0,0.0,0.0,--,-,-
516332979,TRS_Innermost/Mixed_innermost/gkg.xml,13156069,AProVE21,33789,certified,551426,pending submission,0.0,0.0,0.0,--,-,-
516332980,TRS_Innermost/Mixed_innermost/test76.xml,13156070,AProVE21,33789,certified,551426,pending submission,0.0,0.0,0.0,--,-,-
516332981,TRS_Innermost/Mixed_innermost/innermost1.xml,13156071,AProVE21,33789,certified,551426,pending submission,0.0,0.0,0.0,--,-,-
516332982,TRS_Innermost/Mixed_innermost/narrow2.xml,13156072,AProVE21,33789,certified,551426,pending submission,0.0,0.0,0.0,--,-,-
516332983,TRS_Innermost/Mixed_innermost/thiemann26i.xml,13156073,AProVE21,33789,certified,551426,pending submission,0.0,0.0,0.0,--,-,-
516332984,TRS_Innermost/Mixed_innermost/test9.xml,13156074,AProVE21,33789,certified,551426,pending submission,0.0,0.0,0.0,--,-,-
516332985,TRS_Innermost/Mixed_innermost/test77.xml,13156075,AProVE21,33789,certified,551426,pending submission,0.0,0.0,0.0,--,-,-
516332986,TRS_Innermost/AG01_innermost/#4.15.xml,13156011,AProVE21,33789,certified,551426,pending submission,0.0,0.0,0.0,--,-,-
516332987,TRS_Innermost/AG01_innermost/#4.29.xml,13156012,AProVE21,33789,certified,551426,pending submission,0.0,0.0,0.0,--,-,-
516332988,TRS_Innermost/AG01_innermost/#4.27.xml,13156013,AProVE21,33789,certified,551426,pending submission,0.0,0.0,0.0,--,-,-
516332989,TRS_Innermost/AG01_innermost/#4.20.xml,13156014,AProVE21,33789,certified,551426,pending submission,0.0,0.0,0.0,--,-,-
516332990,TRS_Innermost/AG01_innermost/#4.31.xml,13156015,AProVE21,33789,certified,551426,pending submission,0.0,0.0,0.0,--,-,-
516332991,TRS_Innermost/AG01_innermost/#4.36.xml,13156016,AProVE21,33789,certified,551426,pending submission,0.0,0.0,0.0,--,-,-
516332992,TRS_Innermost/AG01_innermost/#4.2.xml,13156017,AProVE21,33789,certified,551426,pending submission,0.0,0.0,0.0,--,-,-
516332993,TRS_Innermost/AG01_innermost/#4.5.xml,13156018,AProVE21,33789,certified,551426,pending submission,0.0,0.0,0.0,--,-,-
516332994,TRS_Innermost/AG01_innermost/#4.21.xml,13156019,AProVE21,33789,certified,551426,pending submission,0.0,0.0,0.0,--,-,-
516332995,TRS_Innermost/AG01_innermost/#4.26.xml,13156020,AProVE21,33789,certified,551426,pending submission,0.0,0.0,0.0,--,-,-
516332996,TRS_Innermost/AG01_innermost/#4.28.xml,13156021,AProVE21,33789,certified,551426,pending submission,0.0,0.0,0.0,--,-,-
516332997,TRS_Innermost/AG01_innermost/#4.13.xml,13156022,AProVE21,33789,certified,551426,pending submission,0.0,0.0,0.0,--,-,-
516332998,TRS_Innermost/AG01_innermost/#4.30a.xml,13156023,AProVE21,33789,certified,551426,pending submission,0.0,0.0,0.0,--,-,-
516332999,TRS_Innermost/AG01_innermost/#4.14.xml,13156024,AProVE21,33789,certified,551426,pending submission,0.0,0.0,0.0,--,-,-
516333000,TRS_Innermost/AG01_innermost/#4.4.xml,13156025,AProVE21,33789,certified,551426,pending submission,0.0,0.0,0.0,--,-,-
516333001,TRS_Innermost/AG01_innermost/#4.3.xml,13156026,AProVE21,33789,certified,551426,pending submission,0.0,0.0,0.0,--,-,-
516333002,TRS_Innermost/AG01_innermost/#4.37.xml,13156027,AProVE21,33789,certified,551426,pending submission,0.0,0.0,0.0,--,-,-
516333003,TRS_Innermost/AG01_innermost/#4.20a.xml,13156028,AProVE21,33789,certified,551426,pending submission,0.0,0.0,0.0,--,-,-
516333004,TRS_Innermost/AG01_innermost/#4.30.xml,13156029,AProVE21,33789,certified,551426,pending submission,0.0,0.0,0.0,--,-,-
516333005,TRS_Innermost/AG01_innermost/#4.7.xml,13156030,AProVE21,33789,certified,551426,pending submission,0.0,0.0,0.0,--,-,-
516333006,TRS_Innermost/AG01_innermost/#4.33.xml,13156031,AProVE21,33789,certified,551426,pending submission,0.0,0.0,0.0,--,-,-
516333007,TRS_Innermost/AG01_innermost/#4.34.xml,13156032,AProVE21,33789,certified,551426,pending submission,0.0,0.0,0.0,--,-,-
516333008,TRS_Innermost/AG01_innermost/#4.25.xml,13156033,AProVE21,33789,certified,551426,pending submission,0.0,0.0,0.0,--,-,-
516333009,TRS_Innermost/AG01_innermost/#4.22.xml,13156034,AProVE21,33789,certified,551426,pending submission,0.0,0.0,0.0,--,-,-
516333010,TRS_Innermost/AG01_innermost/#4.19.xml,13156035,AProVE21,33789,certified,551426,pending submission,0.0,0.0,0.0,--,-,-
516333011,TRS_Innermost/AG01_innermost/#4.17.xml,13156036,AProVE21,33789,certified,551426,pending submission,0.0,0.0,0.0,--,-,-
516333012,TRS_Innermost/AG01_innermost/#4.30b.xml,13156037,AProVE21,33789,certified,551426,pending submission,0.0,0.0,0.0,--,-,-
516333013,TRS_Innermost/AG01_innermost/#4.35.xml,13156038,AProVE21,33789,certified,551426,pending submission,0.0,0.0,0.0,--,-,-
516333014,TRS_Innermost/AG01_innermost/#4.32.xml,13156039,AProVE21,33789,certified,551426,pending submission,0.0,0.0,0.0,--,-,-
516333015,TRS_Innermost/AG01_innermost/#4.12a.xml,13156040,AProVE21,33789,certified,551426,pending submission,0.0,0.0,0.0,--,-,-
516333016,TRS_Innermost/AG01_innermost/#4.16.xml,13156041,AProVE21,33789,certified,551426,pending submission,0.0,0.0,0.0,--,-,-
516333017,TRS_Innermost/AG01_innermost/#4.37a.xml,13156042,AProVE21,33789,certified,551426,pending submission,0.0,0.0,0.0,--,-,-
516333018,TRS_Innermost/AG01_innermost/#4.18.xml,13156043,AProVE21,33789,certified,551426,pending submission,0.0,0.0,0.0,--,-,-
516333019,TRS_Innermost/AG01_innermost/#4.23.xml,13156044,AProVE21,33789,certified,551426,pending submission,0.0,0.0,0.0,--,-,-
516333020,TRS_Innermost/AG01_innermost/#4.24.xml,13156045,AProVE21,33789,certified,551426,pending submission,0.0,0.0,0.0,--,-,-
516333021,TRS_Innermost/Applicative_AG01_innermost/#4.8.xml,13155995,AProVE21,33789,certified,551426,pending submission,0.0,0.0,0.0,--,-,-
516333022,TRS_Innermost/Applicative_AG01_innermost/#4.13.xml,13155996,AProVE21,33789,certified,551426,pending submission,0.0,0.0,0.0,--,-,-
516333023,TRS_Innermost/Applicative_AG01_innermost/#4.28.xml,13155997,AProVE21,33789,certified,551426,pending submission,0.0,0.0,0.0,--,-,-
516333024,TRS_Innermost/Applicative_AG01_innermost/#4.26.xml,13155998,AProVE21,33789,certified,551426,pending submission,0.0,0.0,0.0,--,-,-
516333025,TRS_Innermost/Applicative_AG01_innermost/#4.7.xml,13155999,AProVE21,33789,certified,551426,pending submission,0.0,0.0,0.0,--,-,-
516333026,TRS_Innermost/Applicative_AG01_innermost/#4.36.xml,13156000,AProVE21,33789,certified,551426,pending submission,0.0,0.0,0.0,--,-,-
516333027,TRS_Innermost/Applicative_AG01_innermost/#4.15.xml,13156001,AProVE21,33789,certified,551426,pending submission,0.0,0.0,0.0,--,-,-
516333028,TRS_Innermost/Applicative_AG01_innermost/#4.24.xml,13156002,AProVE21,33789,certified,551426,pending submission,0.0,0.0,0.0,--,-,-
516333029,TRS_Innermost/Applicative_AG01_innermost/#4.3.xml,13156003,AProVE21,33789,certified,551426,pending submission,0.0,0.0,0.0,--,-,-
516333030,TRS_Innermost/Applicative_AG01_innermost/#4.17.xml,13156004,AProVE21,33789,certified,551426,pending submission,0.0,0.0,0.0,--,-,-
516333031,TRS_Innermost/Applicative_AG01_innermost/#4.10.xml,13156005,AProVE21,33789,certified,551426,pending submission,0.0,0.0,0.0,--,-,-
516333032,TRS_Innermost/Applicative_AG01_innermost/#4.19.xml,13156006,AProVE21,33789,certified,551426,pending submission,0.0,0.0,0.0,--,-,-
516333033,TRS_Innermost/Applicative_AG01_innermost/#4.22.xml,13156007,AProVE21,33789,certified,551426,pending submission,0.0,0.0,0.0,--,-,-
516333034,TRS_Innermost/Applicative_AG01_innermost/#4.34.xml,13156008,AProVE21,33789,certified,551426,pending submission,0.0,0.0,0.0,--,-,-
516333035,TRS_Innermost/Applicative_AG01_innermost/#4.5.xml,13156009,AProVE21,33789,certified,551426,pending submission,0.0,0.0,0.0,--,-,-
516333036,TRS_Innermost/Applicative_AG01_innermost/#4.2.xml,13156010,AProVE21,33789,certified,551426,pending submission,0.0,0.0,0.0,--,-,-
