pair id,benchmark,benchmark id,solver,solver id,configuration,configuration id,status,cpu time,wallclock time,memory usage,result,certification-err=1: error below AC-dependency pair processor 1.1: error below the dependency graph processor 1.1.1: error below,certification-result,certification-time,certification-err=1: error below AC-dependency pair processor 1.1: error below the dependency graph processor 1.1.3: error when ,certification-err=1: error below AC-dependency pair processor 1.1: error below the dependency graph processor 1.1.4: error when ,certification-err=1: error below AC-dependency pair processor 1.2: error below the dependency graph processor 1.2.1: error below,certification-err=1: error below AC-dependency pair processor 1.2: error while trying to perform Sctxt_closure-decomposition on ,certification-err=1: error below AC-dependency pair processor 1.1: error below the dependency graph processor 1.1.2: error when ,certification-err=1: error below AC-dependency pair processor 1.1: error below the dependency graph processor 1.1.1: error when 
516331337,TRS_Equational/Mixed_AC/BAG_nokinds.xml,13152975,AProVE21,33789,certified,551426,complete,23.001006214,8.20379495621,1.204666368E9,YES,-,CERTIFIED,2.00,-,-,-,-,-,-
516331338,TRS_Equational/Mixed_AC/BAG_nokinds.xml,13152975,NaTT 1.6.1,29473,Certifiable,360199,complete,0.561797693,0.664175033569,2.9966336E7,MAYBE,-,-,-,-,-,-,-,-,-
516331339,TRS_Equational/Mixed_AC/bag-sum-prod.xml,13152976,AProVE21,33789,certified,551426,complete,5.974398237,2.40795111656,4.9190912E8,YES,-,CERTIFIED,0.10,-,-,-,-,-,-
516331340,TRS_Equational/Mixed_AC/bag-sum-prod.xml,13152976,NaTT 1.6.1,29473,Certifiable,360199,complete,0.103345444,0.135329961777,8761344.0,YES,-,REJECTED,0.54,-,1: error below AC-dependency pair processor 1.1: error below the dependency graph processor 1.1.4: error when applying AC-reduct,-,-,-,-
516331341,TRS_Equational/Mixed_AC/YWHM14_3.xml,13152977,AProVE21,33789,certified,551426,complete,6.386938918,2.42812395096,4.78384128E8,YES,-,CERTIFIED,0.09,-,-,-,-,-,-
516331342,TRS_Equational/Mixed_AC/YWHM14_3.xml,13152977,NaTT 1.6.1,29473,Certifiable,360199,complete,0.051510556,0.0819330215454,7442432.0,YES,-,CERTIFIED,0.29,-,-,-,-,-,-
516331343,TRS_Equational/Mixed_AC/YWHM14_4.xml,13152978,AProVE21,33789,certified,551426,complete,6.689530622,2.55894613266,4.86146048E8,YES,-,CERTIFIED,0.05,-,-,-,-,-,-
516331344,TRS_Equational/Mixed_AC/YWHM14_4.xml,13152978,NaTT 1.6.1,29473,Certifiable,360199,complete,0.054458966,0.063905954361,7348224.0,YES,-,CERTIFIED,0.34,-,-,-,-,-,-
516331345,TRS_Equational/Mixed_AC/RENAMED-BOOL_nosorts.xml,13152979,AProVE21,33789,certified,551426,complete,8.990328363,3.19478011131,5.88587008E8,--,-,-,-,-,-,-,-,-,-
516331346,TRS_Equational/Mixed_AC/RENAMED-BOOL_nosorts.xml,13152979,NaTT 1.6.1,29473,Certifiable,360199,complete,0.28371228,0.226895093918,1.937408E7,MAYBE,-,-,-,-,-,-,-,-,-
516331347,TRS_Equational/Mixed_AC/sequent_modulo.xml,13152980,AProVE21,33789,certified,551426,complete,36.063635701,16.2425470352,1.370763264E9,YES,-,CERTIFIED,2.05,-,-,-,-,-,-
516331348,TRS_Equational/Mixed_AC/sequent_modulo.xml,13152980,NaTT 1.6.1,29473,Certifiable,360199,complete,14.054458512,10.4648320675,2.30821888E8,MAYBE,-,-,-,-,-,-,-,-,-
516331349,TRS_Equational/Mixed_AC/BAG_complete-noand.xml,13152981,AProVE21,33789,certified,551426,complete,76.671625133,57.4271588326,7.978897408E9,YES,-,CERTIFIED,5.06,-,-,-,-,-,-
516331350,TRS_Equational/Mixed_AC/BAG_complete-noand.xml,13152981,NaTT 1.6.1,29473,Certifiable,360199,complete,14.560178997,14.2565119267,1.0694656E8,MAYBE,-,-,-,-,-,-,-,-,-
516331351,TRS_Equational/Mixed_AC/kusakari1.xml,13152982,AProVE21,33789,certified,551426,complete,8.122759626,3.15912795067,5.37268224E8,YES,-,CERTIFIED,0.08,-,-,-,-,-,-
516331352,TRS_Equational/Mixed_AC/kusakari1.xml,13152982,NaTT 1.6.1,29473,Certifiable,360199,complete,0.037505297,0.0613498687744,8863744.0,YES,-,CERTIFIED,0.13,-,-,-,-,-,-
516331353,TRS_Equational/Mixed_AC/YWHM14_5.xml,13152983,AProVE21,33789,certified,551426,complete,5.561594695,2.15029907227,4.73268224E8,YES,-,CERTIFIED,0.02,-,-,-,-,-,-
516331354,TRS_Equational/Mixed_AC/YWHM14_5.xml,13152983,NaTT 1.6.1,29473,Certifiable,360199,complete,0.035629226,0.034383058548,5914624.0,YES,-,CERTIFIED,0.15,-,-,-,-,-,-
516331355,TRS_Equational/Mixed_AC/YWHM14_2.xml,13152984,AProVE21,33789,certified,551426,complete,6.109993414,2.32022619247,4.86014976E8,YES,-,CERTIFIED,0.03,-,-,-,-,-,-
516331356,TRS_Equational/Mixed_AC/YWHM14_2.xml,13152984,NaTT 1.6.1,29473,Certifiable,360199,complete,0.185540501,0.148057937622,1.2353536E7,YES,1: error below AC-dependency pair processor 1.1: error below the dependency graph processor 1.1.1: error below AC-reduction pair,REJECTED,0.26,-,-,-,-,-,-
516331357,TRS_Equational/Mixed_AC/bag-sum-prod-bin.xml,13152985,AProVE21,33789,certified,551426,complete,6.305947178,2.44290590286,4.76663808E8,YES,-,CERTIFIED,0.14,-,-,-,-,-,-
516331358,TRS_Equational/Mixed_AC/bag-sum-prod-bin.xml,13152985,NaTT 1.6.1,29473,Certifiable,360199,complete,0.126948232,0.135263204575,1.4344192E7,MAYBE,-,-,-,-,-,-,-,-,-
516331359,TRS_Equational/Mixed_AC/bag-sum-prod-distr.xml,13152986,AProVE21,33789,certified,551426,complete,6.245983121,2.38362216949,4.7921152E8,YES,-,CERTIFIED,0.14,-,-,-,-,-,-
516331360,TRS_Equational/Mixed_AC/bag-sum-prod-distr.xml,13152986,NaTT 1.6.1,29473,Certifiable,360199,complete,0.138569767,0.120167016983,1.3520896E7,MAYBE,-,-,-,-,-,-,-,-,-
516331361,TRS_Equational/Mixed_AC/RENAMED-BOOL_nokinds.xml,13152987,AProVE21,33789,certified,551426,complete,43.767123788,27.7798838615,1.41029376E9,YES,-,CERTIFIED,1.59,-,-,-,-,-,-
516331362,TRS_Equational/Mixed_AC/RENAMED-BOOL_nokinds.xml,13152987,NaTT 1.6.1,29473,Certifiable,360199,complete,0.441158461,0.380884170532,2.4870912E7,MAYBE,-,-,-,-,-,-,-,-,-
516331363,TRS_Equational/Mixed_AC/BAG_nosorts.xml,13152988,AProVE21,33789,certified,551426,complete,6.494759783,3.54981899261,4.76647424E8,YES,-,CERTIFIED,0.16,-,-,-,-,-,-
516331364,TRS_Equational/Mixed_AC/BAG_nosorts.xml,13152988,NaTT 1.6.1,29473,Certifiable,360199,complete,0.133807962,0.144786119461,1.3197312E7,MAYBE,-,-,-,-,-,-,-,-,-
516331365,TRS_Equational/Mixed_AC/YWHM14_1.xml,13152989,AProVE21,33789,certified,551426,complete,6.191973582,2.31119298935,4.83037184E8,YES,-,CERTIFIED,0.03,-,-,-,-,-,-
516331366,TRS_Equational/Mixed_AC/YWHM14_1.xml,13152989,NaTT 1.6.1,29473,Certifiable,360199,complete,0.039030633,0.10520195961,6574080.0,YES,-,CERTIFIED,0.15,-,-,-,-,-,-
516331367,TRS_Equational/Mixed_AC/differ.xml,13152990,AProVE21,33789,certified,551426,complete,15.848500561,6.25090503693,1.174355968E9,YES,-,CERTIFIED,0.11,-,-,-,-,-,-
516331368,TRS_Equational/Mixed_AC/differ.xml,13152990,NaTT 1.6.1,29473,Certifiable,360199,complete,0.037229597,0.0469801425934,6725632.0,YES,-,CERTIFIED,0.16,-,-,-,-,-,-
516331369,TRS_Equational/Mixed_AC/BAG_nosorts-noand.xml,13152991,AProVE21,33789,certified,551426,complete,8.096149855,3.02550506592,5.33098496E8,YES,-,CERTIFIED,0.70,-,-,-,-,-,-
516331370,TRS_Equational/Mixed_AC/BAG_nosorts-noand.xml,13152991,NaTT 1.6.1,29473,Certifiable,360199,complete,0.373386962,0.304026126862,2.506752E7,MAYBE,-,-,-,-,-,-,-,-,-
516331371,TRS_Equational/Mixed_AC/BAG_nokinds-noand.xml,13152992,AProVE21,33789,certified,551426,complete,18.888498997,15.2517330647,1.20549376E9,YES,-,CERTIFIED,2.27,-,-,-,-,-,-
516331372,TRS_Equational/Mixed_AC/BAG_nokinds-noand.xml,13152992,NaTT 1.6.1,29473,Certifiable,360199,complete,0.756604752,0.647377967834,3.7515264E7,MAYBE,-,-,-,-,-,-,-,-,-
516331373,TRS_Equational/Mixed_AC/intersect.xml,13152993,AProVE21,33789,certified,551426,complete,6.012273008,2.28318595886,4.74750976E8,YES,-,CERTIFIED,0.10,-,-,-,-,-,-
516331374,TRS_Equational/Mixed_AC/intersect.xml,13152993,NaTT 1.6.1,29473,Certifiable,360199,complete,0.171578002,0.195348024368,1.3058048E7,YES,-,REJECTED,0.41,-,-,-,-,-,1: error below AC-dependency pair processor 1.1: error below the dependency graph processor 1.1.1: error when applying AC-reduct
516331375,TRS_Equational/Mixed_AC/RENAMED-BOOL_complete-noand.xml,13152994,AProVE21,33789,certified,551426,complete,319.822339647,292.030557871,1.1402162176E10,--,-,-,-,-,-,-,-,-,-
516331376,TRS_Equational/Mixed_AC/RENAMED-BOOL_complete-noand.xml,13152994,NaTT 1.6.1,29473,Certifiable,360199,complete,145.709874058,145.403291941,1.80563968E8,MAYBE,-,-,-,-,-,-,-,-,-
516331377,TRS_Equational/Mixed_AC/RENAMED-BOOL_nokinds-noand.xml,13152995,AProVE21,33789,certified,551426,complete,26.371065349,9.5069642067,1.269809152E9,YES,-,CERTIFIED,1.87,-,-,-,-,-,-
516331378,TRS_Equational/Mixed_AC/RENAMED-BOOL_nokinds-noand.xml,13152995,NaTT 1.6.1,29473,Certifiable,360199,complete,0.841271087,0.744794130325,3.8494208E7,MAYBE,-,-,-,-,-,-,-,-,-
516331379,TRS_Equational/Mixed_AC/RENAMED-BOOL_nosorts-noand.xml,13152996,AProVE21,33789,certified,551426,complete,10.934286544,3.83200883865,6.7323904E8,--,-,-,-,-,-,-,-,-,-
516331380,TRS_Equational/Mixed_AC/RENAMED-BOOL_nosorts-noand.xml,13152996,NaTT 1.6.1,29473,Certifiable,360199,complete,0.539021179,0.479866981506,3.0224384E7,MAYBE,-,-,-,-,-,-,-,-,-
516331381,TRS_Equational/Mixed_AC/boolean_rings.xml,13152997,AProVE21,33789,certified,551426,complete,5.708151368,2.42230892181,4.74386432E8,YES,-,CERTIFIED,0.11,-,-,-,-,-,-
516331382,TRS_Equational/Mixed_AC/boolean_rings.xml,13152997,NaTT 1.6.1,29473,Certifiable,360199,complete,0.123690422,0.104423046112,1.173504E7,YES,-,REJECTED,0.53,-,-,-,-,1: error below AC-dependency pair processor 1.1: error below the dependency graph processor 1.1.2: error when applying AC-reduct,-
516331383,TRS_Equational/Mixed_AC/BAG_complete.xml,13152998,AProVE21,33789,certified,551426,complete,160.752964896,148.922935009,9.606361088E9,YES,-,CERTIFIED,3.35,-,-,-,-,-,-
516331384,TRS_Equational/Mixed_AC/BAG_complete.xml,13152998,NaTT 1.6.1,29473,Certifiable,360199,complete,1.356822131,1.14265298843,5.1085312E7,MAYBE,-,-,-,-,-,-,-,-,-
516331385,TRS_Equational/Mixed_AC/RENAMED-BOOL_complete.xml,13152999,AProVE21,33789,certified,551426,complete,312.648384965,292.033429146,9.6181248E9,--,-,-,-,-,-,-,-,-,-
516331386,TRS_Equational/Mixed_AC/RENAMED-BOOL_complete.xml,13152999,NaTT 1.6.1,29473,Certifiable,360199,complete,0.844902418,0.707542896271,3.8207488E7,MAYBE,-,-,-,-,-,-,-,-,-
516331387,TRS_Equational/Mixed_AC_and_C/AC47.xml,13152971,AProVE21,33789,certified,551426,complete,10.208526968,3.67264986038,7.6498944E8,YES,-,CERTIFIED,0.33,-,-,-,-,-,-
516331388,TRS_Equational/Mixed_AC_and_C/AC47.xml,13152971,NaTT 1.6.1,29473,Certifiable,360199,complete,0.080037987,0.074893951416,7360512.0,YES,-,CERTIFIED,0.41,-,-,-,-,-,-
516331389,TRS_Equational/Mixed_AC_and_C/AC08.xml,13152972,AProVE21,33789,certified,551426,complete,9.251858793,3.32160806656,5.73046784E8,YES,-,CERTIFIED,0.45,-,-,-,-,-,-
516331390,TRS_Equational/Mixed_AC_and_C/AC08.xml,13152972,NaTT 1.6.1,29473,Certifiable,360199,complete,0.105871978,0.12127494812,9498624.0,YES,-,REJECTED,0.45,1: error below AC-dependency pair processor 1.1: error below the dependency graph processor 1.1.3: error when applying AC-reduct,-,-,-,-,-
516331391,TRS_Equational/Mixed_AC_and_C/rationals.xml,13152973,AProVE21,33789,certified,551426,complete,42.172795911,25.7990911007,1.846902784E9,--,-,-,-,-,-,-,-,-,-
516331392,TRS_Equational/Mixed_AC_and_C/rationals.xml,13152973,NaTT 1.6.1,29473,Certifiable,360199,complete,0.240265456,0.183513879776,2.0148224E7,MAYBE,-,-,-,-,-,-,-,-,-
516331393,TRS_Equational/Mixed_AC_and_C/AC29.xml,13152974,AProVE21,33789,certified,551426,complete,6.019573382,2.3265209198,4.78359552E8,YES,-,CERTIFIED,0.14,-,-,-,-,-,-
516331394,TRS_Equational/Mixed_AC_and_C/AC29.xml,13152974,NaTT 1.6.1,29473,Certifiable,360199,complete,0.054183613,0.0993390083313,7503872.0,YES,-,CERTIFIED,0.27,-,-,-,-,-,-
516331395,TRS_Equational/AProVE_AC_04/AC01.xml,13152936,AProVE21,33789,certified,551426,complete,5.30032384,2.07061886787,4.68353024E8,YES,-,CERTIFIED,0.02,-,-,-,-,-,-
516331396,TRS_Equational/AProVE_AC_04/AC01.xml,13152936,NaTT 1.6.1,29473,Certifiable,360199,complete,0.034217537,0.0497918128967,5931008.0,YES,-,CERTIFIED,0.12,-,-,-,-,-,-
516331397,TRS_Equational/AProVE_AC_04/AC06.xml,13152937,AProVE21,33789,certified,551426,complete,6.765241296,2.52912402153,4.8033792E8,YES,-,CERTIFIED,0.14,-,-,-,-,-,-
516331398,TRS_Equational/AProVE_AC_04/AC06.xml,13152937,NaTT 1.6.1,29473,Certifiable,360199,complete,0.163543924,0.168999910355,1.2632064E7,YES,-,REJECTED,0.63,-,-,-,-,-,1: error below AC-dependency pair processor 1.1: error below the dependency graph processor 1.1.1: error when applying AC-reduct
516331399,TRS_Equational/AProVE_AC_04/AC48.xml,13152938,AProVE21,33789,certified,551426,complete,5.537868491,2.12213683128,4.7316992E8,YES,-,CERTIFIED,0.05,-,-,-,-,-,-
516331400,TRS_Equational/AProVE_AC_04/AC48.xml,13152938,NaTT 1.6.1,29473,Certifiable,360199,complete,0.084864098,0.111758947372,8900608.0,YES,-,REJECTED,0.34,-,-,-,-,-,1: error below AC-dependency pair processor 1.1: error below the dependency graph processor 1.1.1: error when applying AC-reduct
516331401,TRS_Equational/AProVE_AC_04/AC41.xml,13152939,AProVE21,33789,certified,551426,complete,7.189601975,2.98499798775,4.89893888E8,YES,-,CERTIFIED,0.22,-,-,-,-,-,-
516331402,TRS_Equational/AProVE_AC_04/AC41.xml,13152939,NaTT 1.6.1,29473,Certifiable,360199,complete,0.05729231,0.0874991416931,8925184.0,YES,-,CERTIFIED,0.29,-,-,-,-,-,-
516331403,TRS_Equational/AProVE_AC_04/AC50.xml,13152940,AProVE21,33789,certified,551426,complete,9.613533777,3.54374408722,6.70859264E8,YES,-,CERTIFIED,0.09,-,-,-,-,-,-
516331404,TRS_Equational/AProVE_AC_04/AC50.xml,13152940,NaTT 1.6.1,29473,Certifiable,360199,complete,0.093046516,0.113903045654,6881280.0,YES,-,CERTIFIED,0.52,-,-,-,-,-,-
516331405,TRS_Equational/AProVE_AC_04/AC22.xml,13152941,AProVE21,33789,certified,551426,complete,11.297606274,4.40910291672,6.79931904E8,YES,-,CERTIFIED,0.37,-,-,-,-,-,-
516331406,TRS_Equational/AProVE_AC_04/AC22.xml,13152941,NaTT 1.6.1,29473,Certifiable,360199,complete,0.357615339,0.29397892952,1.9767296E7,MAYBE,-,-,-,-,-,-,-,-,-
516331407,TRS_Equational/AProVE_AC_04/AC17.xml,13152942,AProVE21,33789,certified,551426,complete,7.92705426,2.93942093849,5.44067584E8,YES,-,CERTIFIED,0.07,-,-,-,-,-,-
516331408,TRS_Equational/AProVE_AC_04/AC17.xml,13152942,NaTT 1.6.1,29473,Certifiable,360199,complete,0.111980024,0.102381944656,1.6064512E7,MAYBE,-,-,-,-,-,-,-,-,-
516331409,TRS_Equational/AProVE_AC_04/AC10.xml,13152943,AProVE21,33789,certified,551426,complete,5.568703424,2.17213106155,4.81792E8,YES,-,CERTIFIED,0.06,-,-,-,-,-,-
516331410,TRS_Equational/AProVE_AC_04/AC10.xml,13152943,NaTT 1.6.1,29473,Certifiable,360199,complete,0.09668762,0.107825994492,9203712.0,YES,-,REJECTED,0.36,-,-,-,-,-,1: error below AC-dependency pair processor 1.1: error below the dependency graph processor 1.1.1: error when applying AC-reduct
516331411,TRS_Equational/AProVE_AC_04/AC19.xml,13152944,AProVE21,33789,certified,551426,complete,6.840148929,2.46225190163,4.90774528E8,YES,-,CERTIFIED,0.06,-,-,-,-,-,-
516331412,TRS_Equational/AProVE_AC_04/AC19.xml,13152944,NaTT 1.6.1,29473,Certifiable,360199,complete,0.060920813,0.0791358947754,9482240.0,YES,-,CERTIFIED,0.33,-,-,-,-,-,-
516331413,TRS_Equational/AProVE_AC_04/AC49.xml,13152945,AProVE21,33789,certified,551426,complete,9.445860252,3.34612989426,6.3561728E8,YES,-,CERTIFIED,0.10,-,-,-,-,-,-
516331414,TRS_Equational/AProVE_AC_04/AC49.xml,13152945,NaTT 1.6.1,29473,Certifiable,360199,complete,0.079751289,0.0737340450287,7946240.0,YES,-,CERTIFIED,0.42,-,-,-,-,-,-
516331415,TRS_Equational/AProVE_AC_04/AC07.xml,13152946,AProVE21,33789,certified,551426,complete,7.815050393,3.31752991676,4.9446912E8,YES,-,CERTIFIED,0.28,-,-,-,-,-,-
516331416,TRS_Equational/AProVE_AC_04/AC07.xml,13152946,NaTT 1.6.1,29473,Certifiable,360199,complete,0.058520326,0.129205942154,6119424.0,YES,-,CERTIFIED,0.33,-,-,-,-,-,-
516331417,TRS_Equational/AProVE_AC_04/AC09.xml,13152947,AProVE21,33789,certified,551426,complete,5.50084025,2.1467461586,4.79711232E8,YES,-,CERTIFIED,0.06,-,-,-,-,-,-
516331418,TRS_Equational/AProVE_AC_04/AC09.xml,13152947,NaTT 1.6.1,29473,Certifiable,360199,complete,0.10006059,0.118100166321,8650752.0,YES,-,REJECTED,0.40,-,-,-,-,-,1: error below AC-dependency pair processor 1.1: error below the dependency graph processor 1.1.1: error when applying AC-reduct
516331419,TRS_Equational/AProVE_AC_04/AC18.xml,13152948,AProVE21,33789,certified,551426,complete,14.50077428,6.0668399334,8.50132992E8,YES,-,CERTIFIED,0.32,-,-,-,-,-,-
516331420,TRS_Equational/AProVE_AC_04/AC18.xml,13152948,NaTT 1.6.1,29473,Certifiable,360199,complete,0.18101447,0.160573959351,1.5970304E7,MAYBE,-,-,-,-,-,-,-,-,-
516331421,TRS_Equational/AProVE_AC_04/AC11.xml,13152949,AProVE21,33789,certified,551426,complete,10.233730103,4.06041502953,6.65751552E8,YES,-,CERTIFIED,0.07,-,-,-,-,-,-
516331422,TRS_Equational/AProVE_AC_04/AC11.xml,13152949,NaTT 1.6.1,29473,Certifiable,360199,complete,0.05158538,0.0726561546326,7700480.0,YES,-,CERTIFIED,0.31,-,-,-,-,-,-
516331423,TRS_Equational/AProVE_AC_04/AC16.xml,13152950,AProVE21,33789,certified,551426,complete,6.666106691,2.49409985542,4.97778688E8,YES,-,CERTIFIED,0.05,-,-,-,-,-,-
516331424,TRS_Equational/AProVE_AC_04/AC16.xml,13152950,NaTT 1.6.1,29473,Certifiable,360199,complete,0.090178422,0.136061906815,9142272.0,YES,-,REJECTED,0.41,-,-,-,-,-,1: error below AC-dependency pair processor 1.1: error below the dependency graph processor 1.1.1: error when applying AC-reduct
516331425,TRS_Equational/AProVE_AC_04/AC23.xml,13152951,AProVE21,33789,certified,551426,complete,5.944258589,2.32067298889,4.70171648E8,YES,-,CERTIFIED,0.09,-,-,-,-,-,-
516331426,TRS_Equational/AProVE_AC_04/AC23.xml,13152951,NaTT 1.6.1,29473,Certifiable,360199,complete,0.208309001,0.180370092392,1.8071552E7,MAYBE,-,-,-,-,-,-,-,-,-
516331427,TRS_Equational/AProVE_AC_04/AC24.xml,13152952,AProVE21,33789,certified,551426,complete,5.785967656,2.26006507874,4.73071616E8,YES,-,CERTIFIED,0.07,-,-,-,-,-,-
516331428,TRS_Equational/AProVE_AC_04/AC24.xml,13152952,NaTT 1.6.1,29473,Certifiable,360199,complete,0.110340089,0.121069908142,1.4073856E7,MAYBE,-,-,-,-,-,-,-,-,-
516331429,TRS_Equational/AProVE_AC_04/AC51.xml,13152953,AProVE21,33789,certified,551426,complete,5.571033415,2.16191101074,4.77011968E8,YES,-,CERTIFIED,0.03,-,-,-,-,-,-
516331430,TRS_Equational/AProVE_AC_04/AC51.xml,13152953,NaTT 1.6.1,29473,Certifiable,360199,complete,0.038578347,0.0771107673645,6582272.0,YES,-,CERTIFIED,0.16,-,-,-,-,-,-
516331431,TRS_Equational/AProVE_AC_04/AC15.xml,13152954,AProVE21,33789,certified,551426,complete,5.628015504,2.19799113274,4.83356672E8,YES,-,CERTIFIED,0.02,-,-,-,-,-,-
516331432,TRS_Equational/AProVE_AC_04/AC15.xml,13152954,NaTT 1.6.1,29473,Certifiable,360199,complete,0.08157108,0.111472129822,9732096.0,YES,-,REJECTED,0.24,-,-,1: error below AC-dependency pair processor 1.2: error below the dependency graph processor 1.2.1: error below AC-reduction pair,-,-,-
516331433,TRS_Equational/AProVE_AC_04/AC12.xml,13152955,AProVE21,33789,certified,551426,complete,5.797513392,2.22352290154,4.74882048E8,YES,-,CERTIFIED,0.05,-,-,-,-,-,-
516331434,TRS_Equational/AProVE_AC_04/AC12.xml,13152955,NaTT 1.6.1,29473,Certifiable,360199,complete,0.177940296,0.196909189224,1.0928128E7,YES,1: error below AC-dependency pair processor 1.1: error below the dependency graph processor 1.1.1: error below AC-reduction pair,REJECTED,0.45,-,-,-,-,-,-
516331435,TRS_Equational/AProVE_AC_04/AC27.xml,13152956,AProVE21,33789,certified,551426,complete,8.26405283,4.17311406136,5.69094144E8,YES,-,CERTIFIED,0.27,-,-,-,-,-,-
516331436,TRS_Equational/AProVE_AC_04/AC27.xml,13152956,NaTT 1.6.1,29473,Certifiable,360199,complete,0.239799197,0.223313808441,1.4409728E7,YES,-,REJECTED,0.51,-,-,-,-,-,1: error below AC-dependency pair processor 1.1: error below the dependency graph processor 1.1.1: error when applying AC-reduct
516331437,TRS_Equational/AProVE_AC_04/AC20.xml,13152957,AProVE21,33789,certified,551426,complete,7.987863209,3.42788696289,5.25172736E8,YES,-,CERTIFIED,0.35,-,-,-,-,-,-
516331438,TRS_Equational/AProVE_AC_04/AC20.xml,13152957,NaTT 1.6.1,29473,Certifiable,360199,complete,0.112875446,0.125370979309,9052160.0,YES,-,REJECTED,0.45,-,-,-,-,1: error below AC-dependency pair processor 1.1: error below the dependency graph processor 1.1.2: error when applying AC-reduct,-
516331439,TRS_Equational/AProVE_AC_04/AC52.xml,13152958,AProVE21,33789,certified,551426,complete,7.190561779,2.63731217384,4.95489024E8,YES,-,CERTIFIED,0.15,-,-,-,-,-,-
516331440,TRS_Equational/AProVE_AC_04/AC52.xml,13152958,NaTT 1.6.1,29473,Certifiable,360199,complete,0.523434862,0.413654088974,1.529856E7,YES,-,REJECTED,0.26,-,-,-,-,-,1: error below AC-dependency pair processor 1.1: error below the dependency graph processor 1.1.1: error when applying AC-reduct
516331441,TRS_Equational/AProVE_AC_04/AC03.xml,13152959,AProVE21,33789,certified,551426,complete,7.60696762,2.75222396851,5.08637184E8,YES,-,CERTIFIED,0.32,-,-,-,-,-,-
516331442,TRS_Equational/AProVE_AC_04/AC03.xml,13152959,NaTT 1.6.1,29473,Certifiable,360199,complete,0.08826551,0.0762510299683,9867264.0,YES,-,REJECTED,0.35,-,-,-,-,1: error below AC-dependency pair processor 1.1: error below the dependency graph processor 1.1.2: error when applying AC-reduct,-
516331443,TRS_Equational/AProVE_AC_04/AC04.xml,13152960,AProVE21,33789,certified,551426,complete,8.125322681,2.93909811974,5.25021184E8,YES,-,CERTIFIED,0.35,-,-,-,-,-,-
516331444,TRS_Equational/AProVE_AC_04/AC04.xml,13152960,NaTT 1.6.1,29473,Certifiable,360199,complete,0.107759396,0.0932950973511,9232384.0,YES,-,REJECTED,0.45,-,-,-,-,1: error below AC-dependency pair processor 1.1: error below the dependency graph processor 1.1.2: error when applying AC-reduct,-
516331445,TRS_Equational/AProVE_AC_04/AC54.xml,13152961,AProVE21,33789,certified,551426,complete,8.876981586,3.19212412834,5.8390528E8,YES,-,CERTIFIED,0.54,-,-,-,-,-,-
516331446,TRS_Equational/AProVE_AC_04/AC54.xml,13152961,NaTT 1.6.1,29473,Certifiable,360199,complete,0.10686627,0.0999782085419,6602752.0,YES,-,CERTIFIED,0.62,-,-,-,-,-,-
516331447,TRS_Equational/AProVE_AC_04/AC28.xml,13152962,AProVE21,33789,certified,551426,complete,18.249583313,6.69336509705,1.21556992E9,YES,-,CERTIFIED,0.10,-,-,-,-,-,-
516331448,TRS_Equational/AProVE_AC_04/AC28.xml,13152962,NaTT 1.6.1,29473,Certifiable,360199,complete,0.055719324,0.0877830982208,9170944.0,YES,-,CERTIFIED,0.24,-,-,-,-,-,-
516331449,TRS_Equational/AProVE_AC_04/AC53.xml,13152963,AProVE21,33789,certified,551426,complete,6.767106277,2.4633898735,4.92683264E8,YES,-,CERTIFIED,0.05,-,-,-,-,-,-
516331450,TRS_Equational/AProVE_AC_04/AC53.xml,13152963,NaTT 1.6.1,29473,Certifiable,360199,complete,0.052944973,0.0464189052582,1.00352E7,YES,-,CERTIFIED,0.05,-,-,-,-,-,-
516331451,TRS_Equational/AProVE_AC_04/AC21.xml,13152964,AProVE21,33789,certified,551426,complete,19.589204969,15.0744991302,1.203535872E9,YES,-,CERTIFIED,1.82,-,-,-,-,-,-
516331452,TRS_Equational/AProVE_AC_04/AC21.xml,13152964,NaTT 1.6.1,29473,Certifiable,360199,complete,0.2366144,0.180438041687,1.9746816E7,MAYBE,-,-,-,-,-,-,-,-,-
516331453,TRS_Equational/AProVE_AC_04/AC26.xml,13152965,AProVE21,33789,certified,551426,complete,5.633411596,2.15690302849,4.72109056E8,YES,-,CERTIFIED,0.07,-,-,-,-,-,-
516331454,TRS_Equational/AProVE_AC_04/AC26.xml,13152965,NaTT 1.6.1,29473,Certifiable,360199,complete,0.128017484,0.102364063263,9650176.0,YES,-,REJECTED,0.48,-,-,-,-,-,1: error below AC-dependency pair processor 1.1: error below the dependency graph processor 1.1.1: error when applying AC-reduct
516331455,TRS_Equational/AProVE_AC_04/AC13.xml,13152966,AProVE21,33789,certified,551426,complete,5.589787953,2.13101911545,4.7167488E8,YES,-,CERTIFIED,0.06,-,-,-,-,-,-
516331456,TRS_Equational/AProVE_AC_04/AC13.xml,13152966,NaTT 1.6.1,29473,Certifiable,360199,complete,0.099656397,0.0809180736542,9064448.0,YES,-,REJECTED,0.37,-,-,-,-,-,1: error below AC-dependency pair processor 1.1: error below the dependency graph processor 1.1.1: error when applying AC-reduct
516331457,TRS_Equational/AProVE_AC_04/AC14.xml,13152967,AProVE21,33789,certified,551426,complete,5.782777758,2.19502305984,4.77007872E8,YES,-,CERTIFIED,0.06,-,-,-,-,-,-
516331458,TRS_Equational/AProVE_AC_04/AC14.xml,13152967,NaTT 1.6.1,29473,Certifiable,360199,complete,0.100845816,0.120748996735,1.1546624E7,YES,-,REJECTED,0.36,-,-,-,-,-,1: error below AC-dependency pair processor 1.1: error below the dependency graph processor 1.1.1: error when applying AC-reduct
516331459,TRS_Equational/AProVE_AC_04/IJCAR_AC1.xml,13152968,AProVE21,33789,certified,551426,complete,9.11794753,3.24963378906,5.70216448E8,YES,-,CERTIFIED,0.40,-,-,-,-,-,-
516331460,TRS_Equational/AProVE_AC_04/IJCAR_AC1.xml,13152968,NaTT 1.6.1,29473,Certifiable,360199,complete,0.118787983,0.103422880173,8900608.0,YES,-,REJECTED,0.49,-,-,-,-,1: error below AC-dependency pair processor 1.1: error below the dependency graph processor 1.1.2: error when applying AC-reduct,-
516331461,TRS_Equational/AProVE_AC_04/AC05.xml,13152969,AProVE21,33789,certified,551426,complete,8.545241798,3.9539399147,5.35773184E8,YES,-,CERTIFIED,0.39,-,-,-,-,-,-
516331462,TRS_Equational/AProVE_AC_04/AC05.xml,13152969,NaTT 1.6.1,29473,Certifiable,360199,complete,0.14873856,0.122936010361,1.247232E7,YES,-,REJECTED,0.46,-,-,-,-,-,1: error below AC-dependency pair processor 1.1: error below the dependency graph processor 1.1.1: error when applying AC-reduct
516331463,TRS_Equational/AProVE_AC_04/AC02.xml,13152970,AProVE21,33789,certified,551426,complete,5.16240024,2.08879208565,4.69364736E8,YES,-,CERTIFIED,0.04,-,-,-,-,-,-
516331464,TRS_Equational/AProVE_AC_04/AC02.xml,13152970,NaTT 1.6.1,29473,Certifiable,360199,complete,0.034374261,0.0324521064758,6418432.0,YES,-,CERTIFIED,0.13,-,-,-,-,-,-
516331465,TRS_Equational/Mixed_C/PEANO-NAT_complete.xml,13152924,AProVE21,33789,certified,551426,complete,204.1092197,185.196973085,1.1574788096E10,--,-,-,-,-,-,-,-,-,-
516331466,TRS_Equational/Mixed_C/PEANO-NAT_complete.xml,13152924,NaTT 1.6.1,29473,Certifiable,360199,complete,1.834703051,1.52536487579,6.2304256E7,MAYBE,-,-,-,-,-,-,-,-,-
516331467,TRS_Equational/Mixed_C/maude2.xml,13152925,AProVE21,33789,certified,551426,complete,8.098183782,2.95498800278,5.4417408E8,--,-,-,-,-,-,-,-,-,-
516331468,TRS_Equational/Mixed_C/maude2.xml,13152925,NaTT 1.6.1,29473,Certifiable,360199,complete,0.501577696,0.466150999069,1.9615744E7,MAYBE,-,-,-,-,-,-,-,-,-
516331469,TRS_Equational/Mixed_C/PEANO-NAT_nosorts.xml,13152926,AProVE21,33789,certified,551426,complete,16.667919735,13.2375020981,1.201188864E9,--,-,-,-,-,-,-,-,-,-
516331470,TRS_Equational/Mixed_C/PEANO-NAT_nosorts.xml,13152926,NaTT 1.6.1,29473,Certifiable,360199,complete,0.242467046,0.251125097275,1.7944576E7,MAYBE,-,-,-,-,-,-,-,-,-
516331471,TRS_Equational/Mixed_C/PEANO-NAT_complete-noand.xml,13152927,AProVE21,33789,certified,551426,complete,331.739757185,292.462059975,9.916514304E9,--,-,-,-,-,-,-,-,-,-
516331472,TRS_Equational/Mixed_C/PEANO-NAT_complete-noand.xml,13152927,NaTT 1.6.1,29473,Certifiable,360199,complete,52.504810495,52.070650816,1.97492736E8,MAYBE,-,-,-,-,-,-,-,-,-
516331473,TRS_Equational/Mixed_C/AC46.xml,13152928,AProVE21,33789,certified,551426,complete,8.699945942,3.04102301598,5.4368256E8,YES,-,CERTIFIED,0.37,-,-,-,-,-,-
516331474,TRS_Equational/Mixed_C/AC46.xml,13152928,NaTT 1.6.1,29473,Certifiable,360199,complete,0.151690745,0.141272068024,8318976.0,YES,-,CERTIFIED,0.55,-,-,-,-,-,-
516331475,TRS_Equational/Mixed_C/AC42.xml,13152929,AProVE21,33789,certified,551426,complete,6.628281528,2.44581604004,4.89230336E8,YES,-,CERTIFIED,0.15,-,-,-,-,-,-
516331476,TRS_Equational/Mixed_C/AC42.xml,13152929,NaTT 1.6.1,29473,Certifiable,360199,complete,0.052366959,0.110874891281,9158656.0,YES,-,REJECTED,0.21,-,-,-,1: error below AC-dependency pair processor 1.2: error while trying to perform Sctxt_closure-decomposition on weak pairs: gcd#(x,-,-
516331477,TRS_Equational/Mixed_C/AC45.xml,13152930,AProVE21,33789,certified,551426,complete,7.034191593,2.5349009037,4.80935936E8,YES,-,CERTIFIED,0.13,-,-,-,-,-,-
516331478,TRS_Equational/Mixed_C/AC45.xml,13152930,NaTT 1.6.1,29473,Certifiable,360199,complete,0.052443136,0.092710018158,7585792.0,YES,-,CERTIFIED,0.22,-,-,-,-,-,-
516331479,TRS_Equational/Mixed_C/AC44.xml,13152931,AProVE21,33789,certified,551426,complete,6.813057483,2.55948209763,4.78646272E8,YES,-,CERTIFIED,0.17,-,-,-,-,-,-
516331480,TRS_Equational/Mixed_C/AC44.xml,13152931,NaTT 1.6.1,29473,Certifiable,360199,complete,0.058935907,0.0547969341278,7671808.0,YES,-,REJECTED,0.23,-,-,-,1: error below AC-dependency pair processor 1.2: error while trying to perform Sctxt_closure-decomposition on weak pairs: gcd#(x,-,-
516331481,TRS_Equational/Mixed_C/AC43.xml,13152932,AProVE21,33789,certified,551426,complete,6.816951205,2.51298809052,4.85445632E8,YES,-,CERTIFIED,0.14,-,-,-,-,-,-
516331482,TRS_Equational/Mixed_C/AC43.xml,13152932,NaTT 1.6.1,29473,Certifiable,360199,complete,0.045850425,0.0893769264221,5865472.0,YES,-,REJECTED,0.17,-,-,-,1: error below AC-dependency pair processor 1.2: error while trying to perform Sctxt_closure-decomposition on weak pairs: gcd#(x,-,-
516331483,TRS_Equational/Mixed_C/PEANO-NAT_nosorts-noand.xml,13152933,AProVE21,33789,certified,551426,complete,13.659511189,6.11233615875,1.205604352E9,--,-,-,-,-,-,-,-,-,-
516331484,TRS_Equational/Mixed_C/PEANO-NAT_nosorts-noand.xml,13152933,NaTT 1.6.1,29473,Certifiable,360199,complete,0.354722417,0.284843921661,2.5800704E7,MAYBE,-,-,-,-,-,-,-,-,-
516331485,TRS_Equational/Mixed_C/PEANO-NAT_nokinds.xml,13152934,AProVE21,33789,certified,551426,complete,22.228904767,16.1052811146,1.2765184E9,--,-,-,-,-,-,-,-,-,-
516331486,TRS_Equational/Mixed_C/PEANO-NAT_nokinds.xml,13152934,NaTT 1.6.1,29473,Certifiable,360199,complete,0.677828636,0.563355922699,3.3759232E7,MAYBE,-,-,-,-,-,-,-,-,-
516331487,TRS_Equational/Mixed_C/PEANO-NAT_nokinds-noand.xml,13152935,AProVE21,33789,certified,551426,complete,20.655440514,8.99689292908,1.240064E9,--,-,-,-,-,-,-,-,-,-
516331488,TRS_Equational/Mixed_C/PEANO-NAT_nokinds-noand.xml,13152935,NaTT 1.6.1,29473,Certifiable,360199,complete,0.971053711,0.833029985428,4.2799104E7,MAYBE,-,-,-,-,-,-,-,-,-
